event,player,selectionLabel,marketLabel,deadline,status_selection_betsson,odds_decimal_betsson,status_selection_betano,odds_decimal_betano,status_selection_expekt,odds_decimal_expekt,best_bookmaker,best_odds_decimal,second_bookmaker,second_best_odds_decimal,ratio_best_over_second
Arsenal vs Liverpool,Alexis Mac Allister,Over 0.5,Spiller Frispark Begået | Alexis Mac Allister,2026-01-08T20:00:00+00:00,Open,1.22,,,Open,1.09,Betsson,1.22,Expekt,1.09,1.1192660550458715
Arsenal vs Liverpool,Alexis Mac Allister,Over 1.5,Spiller Frispark Begået | Alexis Mac Allister,2026-01-08T20:00:00+00:00,Open,2.05,Open,2.86,Open,1.5,Betano,2.86,Betsson,2.05,1.3951219512195123
Arsenal vs Liverpool,Alexis Mac Allister,Over 2.5,Spiller Frispark Begået | Alexis Mac Allister,,Open,4.0,,,,,Betsson,4.0,,,
Arsenal vs Liverpool,Amara Nallo,Over 0.5,Spiller Frispark Begået | Amara Nallo,,Open,1.35,Open,1.79,,,Betano,1.79,Betsson,1.35,1.325925925925926
Arsenal vs Liverpool,Amara Nallo,Over 1.5,Spiller Frispark Begået | Amara Nallo,,Open,2.65,,,,,Betsson,2.65,,,
Arsenal vs Liverpool,Amara Nallo,Over 2.5,Spiller Frispark Begået | Amara Nallo,,Open,6.0,,,,,Betsson,6.0,,,
Arsenal vs Liverpool,Andre HarrimanAnnous,Over 0.5,Spiller Frispark Begået | Andre HarrimanAnnous,,Open,1.35,,,,,Betsson,1.35,,,
Arsenal vs Liverpool,Andre HarrimanAnnous,Over 1.5,Spiller Frispark Begået | Andre HarrimanAnnous,,Open,2.65,,,,,Betsson,2.65,,,
Arsenal vs Liverpool,Andre HarrimanAnnous,Over 2.5,Spiller Frispark Begået | Andre HarrimanAnnous,,Open,6.0,,,,,Betsson,6.0,,,
Arsenal vs Liverpool,Andrew Robertson,Over 0.5,Spiller Frispark Begået | Andrew Robertson,,Open,1.65,Open,1.69,,,Betano,1.69,Betsson,1.65,1.0242424242424242
Arsenal vs Liverpool,Andrew Robertson,Over 1.5,Spiller Frispark Begået | Andrew Robertson,,Open,4.0,,,,,Betsson,4.0,,,
Arsenal vs Liverpool,Ben White,Over 0.5,Spiller Frispark Begået | Ben White,2026-01-08T20:00:00+00:00,Open,1.48,Open,1.63,Open,1.53,Betano,1.63,Expekt,1.53,1.065359477124183
Arsenal vs Liverpool,Ben White,Over 1.5,Spiller Frispark Begået | Ben White,2026-01-08T20:00:00+00:00,Open,3.2,,,Open,3.8,Expekt,3.8,Betsson,3.2,1.1874999999999998
Arsenal vs Liverpool,Bukayo Saka,Over 0.5,Spiller Frispark Begået | Bukayo Saka,2026-01-08T20:00:00+00:00,Open,1.35,,,Open,1.36,Expekt,1.36,Betsson,1.35,1.0074074074074073
Arsenal vs Liverpool,Bukayo Saka,Over 1.5,Spiller Frispark Begået | Bukayo Saka,2026-01-08T20:00:00+00:00,Open,2.65,Open,2.57,Open,3.0,Expekt,3.0,Betsson,2.65,1.1320754716981132
Arsenal vs Liverpool,Bukayo Saka,Over 2.5,Spiller Frispark Begået | Bukayo Saka,,Open,6.0,,,,,Betsson,6.0,,,
Arsenal vs Liverpool,Calvin Ramsay,Over 0.5,Spiller Frispark Begået | Calvin Ramsay,2026-01-08T20:00:00+00:00,Open,1.4,Open,1.59,Open,1.53,Betano,1.59,Expekt,1.53,1.0392156862745099
Arsenal vs Liverpool,Calvin Ramsay,Over 1.5,Spiller Frispark Begået | Calvin Ramsay,2026-01-08T20:00:00+00:00,Open,2.75,,,Open,3.8,Expekt,3.8,Betsson,2.75,1.3818181818181818
Arsenal vs Liverpool,Carter Pinnington,Over 0.5,Spiller Frispark Begået | Carter Pinnington,,Open,1.35,Open,1.79,,,Betano,1.79,Betsson,1.35,1.325925925925926
Arsenal vs Liverpool,Carter Pinnington,Over 1.5,Spiller Frispark Begået | Carter Pinnington,,Open,2.65,,,,,Betsson,2.65,,,
Arsenal vs Liverpool,Carter Pinnington,Over 2.5,Spiller Frispark Begået | Carter Pinnington,,Open,6.0,,,,,Betsson,6.0,,,
Arsenal vs Liverpool,Charles Sagoe Jr,Over 0.5,Spiller Frispark Begået | Charles Sagoe Jr,,Open,1.65,,,,,Betsson,1.65,,,
Arsenal vs Liverpool,Charles Sagoe Jr,Over 1.5,Spiller Frispark Begået | Charles Sagoe Jr,,Open,3.9,,,,,Betsson,3.9,,,
Arsenal vs Liverpool,Christian Nørgaard,Over 0.5,Spiller Frispark Begået | Christian Nørgaard,,Open,1.14,,,,,Betsson,1.14,,,
Arsenal vs Liverpool,Christian Nørgaard,Over 1.5,Spiller Frispark Begået | Christian Nørgaard,,Open,1.75,Open,2.27,,,Betano,2.27,Betsson,1.75,1.2971428571428572
Arsenal vs Liverpool,Christian Nørgaard,Over 2.5,Spiller Frispark Begået | Christian Nørgaard,,Open,3.2,,,,,Betsson,3.2,,,
Arsenal vs Liverpool,Cody Gakpo,Over 0.5,Spiller Frispark Begået | Cody Gakpo,2026-01-08T20:00:00+00:00,Open,1.27,,,Open,1.4,Expekt,1.4,Betsson,1.27,1.1023622047244093
Arsenal vs Liverpool,Cody Gakpo,Over 1.5,Spiller Frispark Begået | Cody Gakpo,2026-01-08T20:00:00+00:00,Open,2.25,Open,2.76,Open,3.0,Expekt,3.0,Betano,2.76,1.0869565217391306
Arsenal vs Liverpool,Cody Gakpo,Over 2.5,Spiller Frispark Begået | Cody Gakpo,,Open,4.75,,,,,Betsson,4.75,,,
Arsenal vs Liverpool,Conor Bradley,Over 0.5,Spiller Frispark Begået | Conor Bradley,2026-01-08T20:00:00+00:00,Open,1.22,,,Open,1.12,Betsson,1.22,Expekt,1.12,1.0892857142857142
Arsenal vs Liverpool,Conor Bradley,Over 1.5,Spiller Frispark Begået | Conor Bradley,2026-01-08T20:00:00+00:00,Open,2.05,Open,2.65,Open,1.67,Betano,2.65,Betsson,2.05,1.2926829268292683
Arsenal vs Liverpool,Conor Bradley,Over 2.5,Spiller Frispark Begået | Conor Bradley,,Open,4.0,,,,,Betsson,4.0,,,
Arsenal vs Liverpool,Cristhian Mosquera,Over 0.5,Spiller Frispark Begået | Cristhian Mosquera,,Open,2.65,Open,1.78,,,Betsson,2.65,Betano,1.78,1.4887640449438202
Arsenal vs Liverpool,Cristhian Mosquera,Over 1.5,Spiller Frispark Begået | Cristhian Mosquera,,Open,9.0,,,,,Betsson,9.0,,,
Arsenal vs Liverpool,Curtis Jones,Over 0.5,Spiller Frispark Begået | Curtis Jones,2026-01-08T20:00:00+00:00,Open,1.58,,,Open,1.3,Betsson,1.58,Expekt,1.3,1.2153846153846155
Arsenal vs Liverpool,Curtis Jones,Over 1.5,Spiller Frispark Begået | Curtis Jones,2026-01-08T20:00:00+00:00,Open,3.6,Open,2.86,Open,2.5,Betsson,3.6,Betano,2.86,1.2587412587412588
Arsenal vs Liverpool,Declan Rice,Over 0.5,Spiller Frispark Begået | Declan Rice,2026-01-08T20:00:00+00:00,Open,1.6,,,Open,1.44,Betsson,1.6,Expekt,1.44,1.1111111111111112
Arsenal vs Liverpool,Declan Rice,Over 1.5,Spiller Frispark Begået | Declan Rice,2026-01-08T20:00:00+00:00,Open,3.7,Open,2.82,Open,3.4,Betsson,3.7,Expekt,3.4,1.0882352941176472
Arsenal vs Liverpool,Dominik Szoboszlai,Over 0.5,Spiller Frispark Begået | Dominik Szoboszlai,2026-01-08T20:00:00+00:00,Open,1.32,,,Open,1.18,Betsson,1.32,Expekt,1.18,1.1186440677966103
Arsenal vs Liverpool,Dominik Szoboszlai,Over 1.5,Spiller Frispark Begået | Dominik Szoboszlai,2026-01-08T20:00:00+00:00,Open,2.5,Open,3.09,Open,2.0,Betano,3.09,Betsson,2.5,1.236
Arsenal vs Liverpool,Dominik Szoboszlai,Over 2.5,Spiller Frispark Begået | Dominik Szoboszlai,,Open,5.5,,,,,Betsson,5.5,,,
Arsenal vs Liverpool,Eberechi Eze,Over 0.5,Spiller Frispark Begået | Eberechi Eze,2026-01-08T20:00:00+00:00,Open,1.82,Open,1.54,Open,1.57,Betsson,1.82,Expekt,1.57,1.1592356687898089
Arsenal vs Liverpool,Eberechi Eze,Over 1.5,Spiller Frispark Begået | Eberechi Eze,2026-01-08T20:00:00+00:00,Open,4.75,,,Open,4.0,Betsson,4.75,Expekt,4.0,1.1875
Arsenal vs Liverpool,Ethan Nwaneri,Over 0.5,Spiller Frispark Begået | Ethan Nwaneri,2026-01-08T20:00:00+00:00,Open,1.5,Open,1.63,Open,1.53,Betano,1.63,Expekt,1.53,1.065359477124183
Arsenal vs Liverpool,Ethan Nwaneri,Over 1.5,Spiller Frispark Begået | Ethan Nwaneri,2026-01-08T20:00:00+00:00,Open,3.2,,,Open,3.8,Expekt,3.8,Betsson,3.2,1.1874999999999998
Arsenal vs Liverpool,Federico Chiesa,Over 0.5,Spiller Frispark Begået | Federico Chiesa,2026-01-08T20:00:00+00:00,Open,1.3,,,Open,1.36,Expekt,1.36,Betsson,1.3,1.0461538461538462
Arsenal vs Liverpool,Federico Chiesa,Over 1.5,Spiller Frispark Begået | Federico Chiesa,2026-01-08T20:00:00+00:00,Open,2.35,Open,2.92,Open,2.88,Betano,2.92,Expekt,2.88,1.0138888888888888
Arsenal vs Liverpool,Federico Chiesa,Over 2.5,Spiller Frispark Begået | Federico Chiesa,,Open,5.0,,,,,Betsson,5.0,,,
Arsenal vs Liverpool,Florian Wirtz,Over 0.5,Spiller Frispark Begået | Florian Wirtz,2026-01-08T20:00:00+00:00,Open,1.6,Open,1.55,Open,1.44,Betsson,1.6,Betano,1.55,1.032258064516129
Arsenal vs Liverpool,Florian Wirtz,Over 1.5,Spiller Frispark Begået | Florian Wirtz,2026-01-08T20:00:00+00:00,Open,3.7,,,Open,3.25,Betsson,3.7,Expekt,3.25,1.1384615384615384
Arsenal vs Liverpool,Gabriel Jesus,Over 0.5,Spiller Frispark Begået | Gabriel Jesus,,Open,1.17,,,,,Betsson,1.17,,,
Arsenal vs Liverpool,Gabriel Jesus,Over 1.5,Spiller Frispark Begået | Gabriel Jesus,,Open,1.85,Open,2.51,,,Betano,2.51,Betsson,1.85,1.3567567567567567
Arsenal vs Liverpool,Gabriel Jesus,Over 2.5,Spiller Frispark Begået | Gabriel Jesus,,Open,3.5,,,,,Betsson,3.5,,,
Arsenal vs Liverpool,Gabriel Magalhaes,Over 0.5,Spiller Frispark Begået | Gabriel Magalhaes,2026-01-08T20:00:00+00:00,Open,1.78,,,Open,1.67,Betsson,1.78,Expekt,1.67,1.0658682634730539
Arsenal vs Liverpool,Gabriel Magalhaes,Over 1.5,Spiller Frispark Begået | Gabriel Magalhaes,2026-01-08T20:00:00+00:00,Open,4.5,,,Open,4.5,Betsson,4.5,Expekt,4.5,1.0
Arsenal vs Liverpool,Gabriel Martinelli,Over 0.5,Spiller Frispark Begået | Gabriel Martinelli,2026-01-08T20:00:00+00:00,Open,1.78,Open,1.61,Open,1.44,Betsson,1.78,Betano,1.61,1.105590062111801
Arsenal vs Liverpool,Gabriel Martinelli,Over 1.5,Spiller Frispark Begået | Gabriel Martinelli,2026-01-08T20:00:00+00:00,Open,4.5,,,Open,3.4,Betsson,4.5,Expekt,3.4,1.3235294117647058
Arsenal vs Liverpool,Giovanni Leoni,Over 0.5,Spiller Frispark Begået | Giovanni Leoni,,Open,1.58,Open,1.75,,,Betano,1.75,Betsson,1.58,1.1075949367088607
Arsenal vs Liverpool,Giovanni Leoni,Over 1.5,Spiller Frispark Begået | Giovanni Leoni,,Open,3.6,,,,,Betsson,3.6,,,
Arsenal vs Liverpool,Hugo Ekitike,Over 0.5,Spiller Frispark Begået | Hugo Ekitike,2026-01-08T20:00:00+00:00,Open,1.16,,,Open,1.2,Expekt,1.2,Betsson,1.16,1.0344827586206897
Arsenal vs Liverpool,Hugo Ekitike,Over 1.5,Spiller Frispark Begået | Hugo Ekitike,2026-01-08T20:00:00+00:00,Open,1.82,Open,2.02,Open,2.05,Expekt,2.05,Betano,2.02,1.0148514851485149
Arsenal vs Liverpool,Hugo Ekitike,Over 2.5,Spiller Frispark Begået | Hugo Ekitike,,Open,3.4,,,,,Betsson,3.4,,,
Arsenal vs Liverpool,Ibrahima Konate,Over 0.5,Spiller Frispark Begået | Ibrahima Konate,2026-01-08T20:00:00+00:00,Open,1.28,,,Open,1.4,Expekt,1.4,Betsson,1.28,1.09375
Arsenal vs Liverpool,Ibrahima Konate,Over 1.5,Spiller Frispark Begået | Ibrahima Konate,2026-01-08T20:00:00+00:00,Open,2.3,,,Open,3.2,Expekt,3.2,Betsson,2.3,1.3913043478260871
Arsenal vs Liverpool,Ibrahima Konate,Over 2.5,Spiller Frispark Begået | Ibrahima Konate,,Open,4.75,,,,,Betsson,4.75,,,
Arsenal vs Liverpool,Jayden Danns,Over 0.5,Spiller Frispark Begået | Jayden Danns,,Open,1.45,,,,,Betsson,1.45,,,
Arsenal vs Liverpool,Jayden Danns,Over 1.5,Spiller Frispark Begået | Jayden Danns,,Open,3.0,Open,3.06,,,Betano,3.06,Betsson,3.0,1.02
Arsenal vs Liverpool,Jeremie Frimpong,Over 0.5,Spiller Frispark Begået | Jeremie Frimpong,2026-01-08T20:00:00+00:00,Open,1.4,,,Open,1.5,Expekt,1.5,Betsson,1.4,1.0714285714285714
Arsenal vs Liverpool,Jeremie Frimpong,Over 1.5,Spiller Frispark Begået | Jeremie Frimpong,2026-01-08T20:00:00+00:00,Open,2.75,Open,2.46,Open,3.5,Expekt,3.5,Betsson,2.75,1.2727272727272727
Arsenal vs Liverpool,Joe Gomez,Over 0.5,Spiller Frispark Begået | Joe Gomez,,Open,1.3,,,,,Betsson,1.3,,,
Arsenal vs Liverpool,Joe Gomez,Over 1.5,Spiller Frispark Begået | Joe Gomez,,Open,2.35,Open,2.52,,,Betano,2.52,Betsson,2.35,1.0723404255319149
Arsenal vs Liverpool,Joe Gomez,Over 2.5,Spiller Frispark Begået | Joe Gomez,,Open,5.0,,,,,Betsson,5.0,,,
Arsenal vs Liverpool,Josh Nichols,Over 0.5,Spiller Frispark Begået | Josh Nichols,,Open,1.52,Open,1.63,,,Betano,1.63,Betsson,1.52,1.0723684210526314
Arsenal vs Liverpool,Josh Nichols,Over 1.5,Spiller Frispark Begået | Josh Nichols,,Open,3.4,,,,,Betsson,3.4,,,
Arsenal vs Liverpool,Jurrien Timber,Over 0.5,Spiller Frispark Begået | Jurrien Timber,2026-01-08T20:00:00+00:00,Open,1.24,,,Open,1.2,Betsson,1.24,Expekt,1.2,1.0333333333333334
Arsenal vs Liverpool,Jurrien Timber,Over 1.5,Spiller Frispark Begået | Jurrien Timber,2026-01-08T20:00:00+00:00,Open,2.15,Open,2.94,Open,2.0,Betano,2.94,Betsson,2.15,1.3674418604651164
Arsenal vs Liverpool,Jurrien Timber,Over 2.5,Spiller Frispark Begået | Jurrien Timber,,Open,4.25,,,,,Betsson,4.25,,,
Arsenal vs Liverpool,Kai Havertz,Over 0.5,Spiller Frispark Begået | Kai Havertz,2026-01-08T20:00:00+00:00,Open,1.18,,,Open,1.22,Expekt,1.22,Betsson,1.18,1.033898305084746
Arsenal vs Liverpool,Kai Havertz,Over 1.5,Spiller Frispark Begået | Kai Havertz,2026-01-08T20:00:00+00:00,Open,1.9,Open,3.01,Open,2.2,Betano,3.01,Expekt,2.2,1.368181818181818
Arsenal vs Liverpool,Kai Havertz,Over 2.5,Spiller Frispark Begået | Kai Havertz,,Open,3.7,,,,,Betsson,3.7,,,
Arsenal vs Liverpool,Kaide Gordon,Over 0.5,Spiller Frispark Begået | Kaide Gordon,,Open,1.35,Open,1.76,,,Betano,1.76,Betsson,1.35,1.3037037037037036
Arsenal vs Liverpool,Kaide Gordon,Over 1.5,Spiller Frispark Begået | Kaide Gordon,,Open,2.6,,,,,Betsson,2.6,,,
Arsenal vs Liverpool,Kaide Gordon,Over 2.5,Spiller Frispark Begået | Kaide Gordon,,Open,6.0,,,,,Betsson,6.0,,,
Arsenal vs Liverpool,Keyrol Figueroa,Over 0.5,Spiller Frispark Begået | Keyrol Figueroa,,Open,1.25,,,,,Betsson,1.25,,,
Arsenal vs Liverpool,Keyrol Figueroa,Over 1.5,Spiller Frispark Begået | Keyrol Figueroa,,Open,2.2,,,,,Betsson,2.2,,,
Arsenal vs Liverpool,Keyrol Figueroa,Over 2.5,Spiller Frispark Begået | Keyrol Figueroa,,Open,4.5,,,,,Betsson,4.5,,,
Arsenal vs Liverpool,Kieran Morrison,Over 0.5,Spiller Frispark Begået | Kieran Morrison,,Open,1.4,Open,1.52,,,Betano,1.52,Betsson,1.4,1.0857142857142859
Arsenal vs Liverpool,Kieran Morrison,Over 1.5,Spiller Frispark Begået | Kieran Morrison,,Open,2.85,,,,,Betsson,2.85,,,
Arsenal vs Liverpool,Leandro Trossard,Over 0.5,Spiller Frispark Begået | Leandro Trossard,2026-01-08T20:00:00+00:00,Open,1.78,Open,1.61,Open,1.44,Betsson,1.78,Betano,1.61,1.105590062111801
Arsenal vs Liverpool,Leandro Trossard,Over 1.5,Spiller Frispark Begået | Leandro Trossard,2026-01-08T20:00:00+00:00,Open,4.5,,,Open,3.5,Betsson,4.5,Expekt,3.5,1.2857142857142858
Arsenal vs Liverpool,Louie Copley,Over 0.5,Spiller Frispark Begået | Louie Copley,,Open,1.3,,,,,Betsson,1.3,,,
Arsenal vs Liverpool,Louie Copley,Over 1.5,Spiller Frispark Begået | Louie Copley,,Open,2.4,Open,2.82,,,Betano,2.82,Betsson,2.4,1.175
Arsenal vs Liverpool,Louie Copley,Over 2.5,Spiller Frispark Begået | Louie Copley,,Open,5.0,,,,,Betsson,5.0,,,
Arsenal vs Liverpool,Marli Salmon,Over 0.5,Spiller Frispark Begået | Marli Salmon,,Open,1.6,Open,1.78,,,Betano,1.78,Betsson,1.6,1.1125
Arsenal vs Liverpool,Marli Salmon,Over 1.5,Spiller Frispark Begået | Marli Salmon,,Open,3.7,,,,,Betsson,3.7,,,
Arsenal vs Liverpool,Martin Zubimendi,Over 0.5,Spiller Frispark Begået | Martin Zubimendi,2026-01-08T20:00:00+00:00,Open,1.32,,,Open,1.33,Expekt,1.33,Betsson,1.32,1.0075757575757576
Arsenal vs Liverpool,Martin Zubimendi,Over 1.5,Spiller Frispark Begået | Martin Zubimendi,2026-01-08T20:00:00+00:00,Open,2.45,Open,2.52,Open,2.8,Expekt,2.8,Betano,2.52,1.111111111111111
Arsenal vs Liverpool,Martin Zubimendi,Over 2.5,Spiller Frispark Begået | Martin Zubimendi,,Open,5.5,,,,,Betsson,5.5,,,
Arsenal vs Liverpool,Martin Ødegaard,Over 0.5,Spiller Frispark Begået | Martin Ødegaard,,Open,1.95,,,,,Betsson,1.95,,,
Arsenal vs Liverpool,Martin Ødegaard,Over 1.5,Spiller Frispark Begået | Martin Ødegaard,,Open,5.5,,,,,Betsson,5.5,,,
Arsenal vs Liverpool,Max Dowman,Over 0.5,Spiller Frispark Begået | Max Dowman,,Open,1.55,,,,,Betsson,1.55,,,
Arsenal vs Liverpool,Max Dowman,Over 1.5,Spiller Frispark Begået | Max Dowman,,Open,3.4,Open,3.12,,,Betsson,3.4,Betano,3.12,1.0897435897435896
Arsenal vs Liverpool,Michael Laffey,Over 0.5,Spiller Frispark Begået | Michael Laffey,,Open,1.22,,,,,Betsson,1.22,,,
Arsenal vs Liverpool,Michael Laffey,Over 1.5,Spiller Frispark Begået | Michael Laffey,,Open,2.05,Open,2.76,,,Betano,2.76,Betsson,2.05,1.3463414634146342
Arsenal vs Liverpool,Michael Laffey,Over 2.5,Spiller Frispark Begået | Michael Laffey,,Open,4.0,,,,,Betsson,4.0,,,
Arsenal vs Liverpool,Mikel Merino,Over 0.5,Spiller Frispark Begået | Mikel Merino,2026-01-08T20:00:00+00:00,Open,1.13,,,Open,1.18,Expekt,1.18,Betsson,1.13,1.0442477876106195
Arsenal vs Liverpool,Mikel Merino,Over 1.5,Spiller Frispark Begået | Mikel Merino,2026-01-08T20:00:00+00:00,Open,1.72,Open,1.64,Open,1.95,Expekt,1.95,Betsson,1.72,1.1337209302325582
Arsenal vs Liverpool,Mikel Merino,Over 2.5,Spiller Frispark Begået | Mikel Merino,,Open,3.1,,,,,Betsson,3.1,,,
Arsenal vs Liverpool,Milos Kerkez,Over 0.5,Spiller Frispark Begået | Milos Kerkez,2026-01-08T20:00:00+00:00,Open,1.55,Open,1.66,Open,1.22,Betano,1.66,Betsson,1.55,1.0709677419354837
Arsenal vs Liverpool,Milos Kerkez,Over 1.5,Spiller Frispark Begået | Milos Kerkez,2026-01-08T20:00:00+00:00,Open,3.4,,,Open,2.15,Betsson,3.4,Expekt,2.15,1.5813953488372092
Arsenal vs Liverpool,Myles Lewis-skelly,Over 0.5,Spiller Frispark Begået | Myles Lewis-skelly,,Open,1.35,,,,,Betsson,1.35,,,
Arsenal vs Liverpool,Myles Lewis-skelly,Over 1.5,Spiller Frispark Begået | Myles Lewis-skelly,,Open,2.65,,,,,Betsson,2.65,,,
Arsenal vs Liverpool,Myles Lewis-skelly,Over 2.5,Spiller Frispark Begået | Myles Lewis-skelly,,Open,6.0,,,,,Betsson,6.0,,,
Arsenal vs Liverpool,Noni Madueke,Over 0.5,Spiller Frispark Begået | Noni Madueke,2026-01-08T20:00:00+00:00,Open,1.9,,,Open,1.53,Betsson,1.9,Expekt,1.53,1.2418300653594772
Arsenal vs Liverpool,Noni Madueke,Over 1.5,Spiller Frispark Begået | Noni Madueke,2026-01-08T20:00:00+00:00,Open,5.0,Open,3.17,Open,3.8,Betsson,5.0,Expekt,3.8,1.3157894736842106
Arsenal vs Liverpool,Piero Hincapie,Over 0.5,Spiller Frispark Begået | Piero Hincapie,2026-01-08T20:00:00+00:00,Open,1.38,,,Open,1.4,Expekt,1.4,Betsson,1.38,1.0144927536231885
Arsenal vs Liverpool,Piero Hincapie,Over 1.5,Spiller Frispark Begået | Piero Hincapie,2026-01-08T20:00:00+00:00,Open,2.7,,,Open,3.0,Expekt,3.0,Betsson,2.7,1.111111111111111
Arsenal vs Liverpool,Piero Hincapie,Over 2.5,Spiller Frispark Begået | Piero Hincapie,,Open,6.0,,,,,Betsson,6.0,,,
Arsenal vs Liverpool,Rhys Williams,Over 0.5,Spiller Frispark Begået | Rhys Williams,,Open,1.6,Open,1.79,,,Betano,1.79,Betsson,1.6,1.11875
Arsenal vs Liverpool,Rhys Williams,Over 1.5,Spiller Frispark Begået | Rhys Williams,,Open,3.7,,,,,Betsson,3.7,,,
Arsenal vs Liverpool,Riccardo Calafiori,Over 0.5,Spiller Frispark Begået | Riccardo Calafiori,,Open,1.25,,,,,Betsson,1.25,,,
Arsenal vs Liverpool,Riccardo Calafiori,Over 1.5,Spiller Frispark Begået | Riccardo Calafiori,,Open,2.2,Open,2.14,,,Betsson,2.2,Betano,2.14,1.0280373831775702
Arsenal vs Liverpool,Riccardo Calafiori,Over 2.5,Spiller Frispark Begået | Riccardo Calafiori,,Open,4.5,,,,,Betsson,4.5,,,
Arsenal vs Liverpool,Rio Ngumoha,Over 0.5,Spiller Frispark Begået | Rio Ngumoha,,Open,1.7,Open,1.59,,,Betsson,1.7,Betano,1.59,1.069182389937107
Arsenal vs Liverpool,Rio Ngumoha,Over 1.5,Spiller Frispark Begået | Rio Ngumoha,,Open,4.0,,,,,Betsson,4.0,,,
Arsenal vs Liverpool,Ryan Gravenberch,Over 0.5,Spiller Frispark Begået | Ryan Gravenberch,2026-01-08T20:00:00+00:00,Open,1.3,,,Open,1.14,Betsson,1.3,Expekt,1.14,1.1403508771929827
Arsenal vs Liverpool,Ryan Gravenberch,Over 1.5,Spiller Frispark Begået | Ryan Gravenberch,2026-01-08T20:00:00+00:00,Open,2.35,Open,2.55,Open,1.75,Betano,2.55,Betsson,2.35,1.0851063829787233
Arsenal vs Liverpool,Ryan Gravenberch,Over 2.5,Spiller Frispark Begået | Ryan Gravenberch,,Open,5.0,,,,,Betsson,5.0,,,
Arsenal vs Liverpool,Stefan Bajcetic,Over 0.5,Spiller Frispark Begået | Stefan Bajcetic,,Open,1.17,,,,,Betsson,1.17,,,
Arsenal vs Liverpool,Stefan Bajcetic,Over 1.5,Spiller Frispark Begået | Stefan Bajcetic,,Open,1.85,Open,2.76,,,Betano,2.76,Betsson,1.85,1.4918918918918918
Arsenal vs Liverpool,Stefan Bajcetic,Over 2.5,Spiller Frispark Begået | Stefan Bajcetic,,Open,3.5,,,,,Betsson,3.5,,,
Arsenal vs Liverpool,Tommy Pilling,Over 0.5,Spiller Frispark Begået | Tommy Pilling,,Open,1.22,,,,,Betsson,1.22,,,
Arsenal vs Liverpool,Tommy Pilling,Over 1.5,Spiller Frispark Begået | Tommy Pilling,,Open,2.05,Open,2.86,,,Betano,2.86,Betsson,2.05,1.3951219512195123
Arsenal vs Liverpool,Tommy Pilling,Over 2.5,Spiller Frispark Begået | Tommy Pilling,,Open,4.0,,,,,Betsson,4.0,,,
Arsenal vs Liverpool,Trent Kone-Doherty,Over 0.5,Spiller Frispark Begået | Trent Kone-Doherty,,Open,1.23,Open,1.62,,,Betano,1.62,Betsson,1.23,1.3170731707317074
Arsenal vs Liverpool,Trent Kone-Doherty,Over 1.5,Spiller Frispark Begået | Trent Kone-Doherty,,Open,2.1,,,,,Betsson,2.1,,,
Arsenal vs Liverpool,Trent Kone-Doherty,Over 2.5,Spiller Frispark Begået | Trent Kone-Doherty,,Open,4.25,,,,,Betsson,4.25,,,
Arsenal vs Liverpool,Treymaurice Nyoni,Over 0.5,Spiller Frispark Begået | Treymaurice Nyoni,,Open,1.4,,,,,Betsson,1.4,,,
Arsenal vs Liverpool,Treymaurice Nyoni,Over 1.5,Spiller Frispark Begået | Treymaurice Nyoni,,Open,2.8,,,,,Betsson,2.8,,,
Arsenal vs Liverpool,Viktor Gyökeres,Over 0.5,Spiller Frispark Begået | Viktor Gyökeres,,Open,1.45,,,,,Betsson,1.45,,,
Arsenal vs Liverpool,Viktor Gyökeres,Over 1.5,Spiller Frispark Begået | Viktor Gyökeres,,Open,3.0,,,,,Betsson,3.0,,,
Arsenal vs Liverpool,Virgil van Dijk,Over 0.5,Spiller Frispark Begået | Virgil van Dijk,,Open,1.82,Open,1.79,,,Betsson,1.82,Betano,1.79,1.0167597765363128
Arsenal vs Liverpool,Virgil van Dijk,Over 1.5,Spiller Frispark Begået | Virgil van Dijk,,Open,4.75,,,,,Betsson,4.75,,,
Arsenal vs Liverpool,Wataru Endo,Over 0.5,Spiller Frispark Begået | Wataru Endo,,Open,1.09,,,,,Betsson,1.09,,,
Arsenal vs Liverpool,Wataru Endo,Over 1.5,Spiller Frispark Begået | Wataru Endo,,Open,1.55,Open,2.15,,,Betano,2.15,Betsson,1.55,1.3870967741935483
Arsenal vs Liverpool,Wataru Endo,Over 2.5,Spiller Frispark Begået | Wataru Endo,,Open,2.65,,,,,Betsson,2.65,,,
Arsenal vs Liverpool,Wellity Lucky,Over 0.5,Spiller Frispark Begået | Wellity Lucky,,Open,1.28,Open,1.79,,,Betano,1.79,Betsson,1.28,1.3984375
Arsenal vs Liverpool,Wellity Lucky,Over 1.5,Spiller Frispark Begået | Wellity Lucky,,Open,2.3,,,,,Betsson,2.3,,,
Arsenal vs Liverpool,Wellity Lucky,Over 2.5,Spiller Frispark Begået | Wellity Lucky,,Open,5.0,,,,,Betsson,5.0,,,
Arsenal vs Liverpool,William Saliba,Over 0.5,Spiller Frispark Begået | William Saliba,2026-01-08T20:00:00+00:00,Open,1.8,Open,1.78,Open,1.33,Betsson,1.8,Betano,1.78,1.0112359550561798
Arsenal vs Liverpool,William Saliba,Over 1.5,Spiller Frispark Begået | William Saliba,2026-01-08T20:00:00+00:00,Open,4.5,,,Open,2.7,Betsson,4.5,Expekt,2.7,1.6666666666666665
Arsenal vs Liverpool,Alexis Mac Allister,Over 0.5,Spillers samlede antal skud | Alexis Mac Allister,2026-01-08T20:00:00+00:00,Open,1.4,Open,1.45,Open,1.22,Betano,1.45,Betsson,1.4,1.0357142857142858
Arsenal vs Liverpool,Alexis Mac Allister,Over 1.5,Spillers samlede antal skud | Alexis Mac Allister,2026-01-08T20:00:00+00:00,Open,2.75,Open,3.05,Open,2.2,Betano,3.05,Betsson,2.75,1.1090909090909091
Arsenal vs Liverpool,Alexis Mac Allister,Over 2.5,Spillers samlede antal skud | Alexis Mac Allister,2026-01-08T20:00:00+00:00,Open,6.0,Open,7.5,Open,5.0,Betano,7.5,Betsson,6.0,1.25
Arsenal vs Liverpool,Amara Nallo,Over 0.5,Spillers samlede antal skud | Amara Nallo,,Open,2.05,Open,2.7,,,Betano,2.7,Betsson,2.05,1.3170731707317076
Arsenal vs Liverpool,Amara Nallo,Over 1.5,Spillers samlede antal skud | Amara Nallo,,Open,5.5,Open,10.25,,,Betano,10.25,Betsson,5.5,1.8636363636363635
Arsenal vs Liverpool,Andre HarrimanAnnous,Over 2.5,Spillers samlede antal skud | Andre HarrimanAnnous,,Open,1.52,,,,,Betsson,1.52,,,
Arsenal vs Liverpool,Andre HarrimanAnnous,Over 3.5,Spillers samlede antal skud | Andre HarrimanAnnous,,Open,2.25,,,,,Betsson,2.25,,,
Arsenal vs Liverpool,Andre HarrimanAnnous,Over 4.5,Spillers samlede antal skud | Andre HarrimanAnnous,,Open,3.7,,,,,Betsson,3.7,,,
Arsenal vs Liverpool,Andrew Robertson,Over 0.5,Spillers samlede antal skud | Andrew Robertson,,Open,2.55,Open,2.42,,,Betsson,2.55,Betano,2.42,1.0537190082644627
Arsenal vs Liverpool,Andrew Robertson,Over 1.5,Spillers samlede antal skud | Andrew Robertson,,Open,9.0,Open,8.5,,,Betsson,9.0,Betano,8.5,1.0588235294117647
Arsenal vs Liverpool,Ben White,Over 0.5,Spillers samlede antal skud | Ben White,2026-01-08T20:00:00+00:00,Open,1.62,Open,1.88,Open,2.05,Expekt,2.05,Betano,1.88,1.0904255319148937
Arsenal vs Liverpool,Ben White,Over 1.5,Spillers samlede antal skud | Ben White,2026-01-08T20:00:00+00:00,Open,3.7,Open,5.3,Open,6.5,Expekt,6.5,Betano,5.3,1.2264150943396226
Arsenal vs Liverpool,Bukayo Saka,Over 2.5,Spillers samlede antal skud | Bukayo Saka,2026-01-08T20:00:00+00:00,Open,1.55,Open,1.57,Open,1.4,Betano,1.57,Betsson,1.55,1.0129032258064516
Arsenal vs Liverpool,Bukayo Saka,Over 3.5,Spillers samlede antal skud | Bukayo Saka,2026-01-08T20:00:00+00:00,Open,2.3,Open,2.37,Open,2.1,Betano,2.37,Betsson,2.3,1.0304347826086957
Arsenal vs Liverpool,Bukayo Saka,Over 4.5,Spillers samlede antal skud | Bukayo Saka,2026-01-08T20:00:00+00:00,Open,3.9,Open,4.05,Open,3.6,Betano,4.05,Betsson,3.9,1.0384615384615385
Arsenal vs Liverpool,Calvin Ramsay,Over 0.5,Spillers samlede antal skud | Calvin Ramsay,2026-01-08T20:00:00+00:00,Open,2.15,Open,2.42,Open,2.1,Betano,2.42,Betsson,2.15,1.1255813953488372
Arsenal vs Liverpool,Calvin Ramsay,Over 1.5,Spillers samlede antal skud | Calvin Ramsay,2026-01-08T20:00:00+00:00,Open,6.5,Open,8.5,Open,7.0,Betano,8.5,Expekt,7.0,1.2142857142857142
Arsenal vs Liverpool,Carter Pinnington,Over 0.5,Spillers samlede antal skud | Carter Pinnington,,Open,2.05,Open,2.7,,,Betano,2.7,Betsson,2.05,1.3170731707317076
Arsenal vs Liverpool,Carter Pinnington,Over 1.5,Spillers samlede antal skud | Carter Pinnington,,Open,5.5,Open,10.25,,,Betano,10.25,Betsson,5.5,1.8636363636363635
Arsenal vs Liverpool,Charles Sagoe Jr,Over 1.5,Spillers samlede antal skud | Charles Sagoe Jr,,Open,1.42,,,,,Betsson,1.42,,,
Arsenal vs Liverpool,Charles Sagoe Jr,Over 2.5,Spillers samlede antal skud | Charles Sagoe Jr,,Open,2.2,,,,,Betsson,2.2,,,
Arsenal vs Liverpool,Charles Sagoe Jr,Over 3.5,Spillers samlede antal skud | Charles Sagoe Jr,,Open,3.9,,,,,Betsson,3.9,,,
Arsenal vs Liverpool,Christian Nørgaard,Over 0.5,Spillers samlede antal skud | Christian Nørgaard,,Open,1.4,Open,1.47,,,Betano,1.47,Betsson,1.4,1.05
Arsenal vs Liverpool,Christian Nørgaard,Over 1.5,Spillers samlede antal skud | Christian Nørgaard,,Open,2.75,Open,3.2,,,Betano,3.2,Betsson,2.75,1.1636363636363638
Arsenal vs Liverpool,Christian Nørgaard,Over 2.5,Spillers samlede antal skud | Christian Nørgaard,,Open,6.0,Open,8.0,,,Betano,8.0,Betsson,6.0,1.3333333333333333
Arsenal vs Liverpool,Cody Gakpo,Over 0.5,Spillers samlede antal skud | Cody Gakpo,2026-01-08T20:00:00+00:00,Open,1.2,Open,1.15,Open,1.04,Betsson,1.2,Betano,1.15,1.0434782608695652
Arsenal vs Liverpool,Cody Gakpo,Over 1.5,Spillers samlede antal skud | Cody Gakpo,2026-01-08T20:00:00+00:00,Open,1.95,Open,1.75,Open,1.22,Betsson,1.95,Betano,1.75,1.1142857142857143
Arsenal vs Liverpool,Cody Gakpo,Over 2.5,Spillers samlede antal skud | Cody Gakpo,2026-01-08T20:00:00+00:00,Open,3.8,Open,3.25,Open,1.75,Betsson,3.8,Betano,3.25,1.169230769230769
Arsenal vs Liverpool,Conor Bradley,Over 0.5,Spillers samlede antal skud | Conor Bradley,2026-01-08T20:00:00+00:00,Open,2.0,Open,2.52,Open,1.44,Betano,2.52,Betsson,2.0,1.26
Arsenal vs Liverpool,Conor Bradley,Over 1.5,Spillers samlede antal skud | Conor Bradley,2026-01-08T20:00:00+00:00,Open,5.5,Open,9.0,Open,3.6,Betano,9.0,Betsson,5.5,1.6363636363636365
Arsenal vs Liverpool,Cristhian Mosquera,Over 0.5,Spillers samlede antal skud | Cristhian Mosquera,,Open,4.75,,,,,Betsson,4.75,,,
Arsenal vs Liverpool,Curtis Jones,Over 0.5,Spillers samlede antal skud | Curtis Jones,2026-01-08T20:00:00+00:00,Open,1.65,Open,1.72,Open,1.6,Betano,1.72,Betsson,1.65,1.0424242424242425
Arsenal vs Liverpool,Curtis Jones,Over 1.5,Spillers samlede antal skud | Curtis Jones,2026-01-08T20:00:00+00:00,Open,3.9,Open,4.4,Open,4.33,Betano,4.4,Expekt,4.33,1.0161662817551964
Arsenal vs Liverpool,Declan Rice,Over 0.5,Spillers samlede antal skud | Declan Rice,2026-01-08T20:00:00+00:00,Open,1.16,Open,1.16,Open,1.18,Expekt,1.18,Betsson,1.16,1.0172413793103448
Arsenal vs Liverpool,Declan Rice,Over 1.5,Spillers samlede antal skud | Declan Rice,2026-01-08T20:00:00+00:00,Open,1.78,Open,1.78,Open,2.0,Expekt,2.0,Betsson,1.78,1.1235955056179776
Arsenal vs Liverpool,Declan Rice,Over 2.5,Spillers samlede antal skud | Declan Rice,2026-01-08T20:00:00+00:00,Open,3.2,Open,3.4,Open,4.2,Expekt,4.2,Betano,3.4,1.2352941176470589
Arsenal vs Liverpool,Dominik Szoboszlai,Over 0.5,Spillers samlede antal skud | Dominik Szoboszlai,2026-01-08T20:00:00+00:00,Open,1.35,Open,1.33,Open,1.1,Betsson,1.35,Betano,1.33,1.0150375939849625
Arsenal vs Liverpool,Dominik Szoboszlai,Over 1.5,Spillers samlede antal skud | Dominik Szoboszlai,2026-01-08T20:00:00+00:00,Open,2.5,Open,2.5,Open,1.53,Betsson,2.5,Betano,2.5,1.0
Arsenal vs Liverpool,Dominik Szoboszlai,Over 2.5,Spillers samlede antal skud | Dominik Szoboszlai,2026-01-08T20:00:00+00:00,Open,5.5,Open,5.8,Open,2.75,Betano,5.8,Betsson,5.5,1.0545454545454545
Arsenal vs Liverpool,Eberechi Eze,Over 1.5,Spillers samlede antal skud | Eberechi Eze,2026-01-08T20:00:00+00:00,Open,1.24,Open,1.53,Open,1.14,Betano,1.53,Betsson,1.24,1.2338709677419355
Arsenal vs Liverpool,Eberechi Eze,Over 2.5,Spillers samlede antal skud | Eberechi Eze,2026-01-08T20:00:00+00:00,Open,1.72,Open,2.6,Open,1.5,Betano,2.6,Betsson,1.72,1.5116279069767442
Arsenal vs Liverpool,Eberechi Eze,Over 3.5,Spillers samlede antal skud | Eberechi Eze,2026-01-08T20:00:00+00:00,Open,2.7,Open,5.1,Open,2.3,Betano,5.1,Betsson,2.7,1.8888888888888886
Arsenal vs Liverpool,Ethan Nwaneri,Over 1.5,Spillers samlede antal skud | Ethan Nwaneri,2026-01-08T20:00:00+00:00,Open,1.32,Open,1.24,Open,1.33,Expekt,1.33,Betsson,1.32,1.0075757575757576
Arsenal vs Liverpool,Ethan Nwaneri,Over 2.5,Spillers samlede antal skud | Ethan Nwaneri,2026-01-08T20:00:00+00:00,Open,2.0,Open,1.78,Open,2.1,Expekt,2.1,Betsson,2.0,1.05
Arsenal vs Liverpool,Ethan Nwaneri,Over 3.5,Spillers samlede antal skud | Ethan Nwaneri,2026-01-08T20:00:00+00:00,Open,3.4,Open,2.92,Open,4.0,Expekt,4.0,Betsson,3.4,1.1764705882352942
Arsenal vs Liverpool,Federico Chiesa,Over 0.5,Spillers samlede antal skud | Federico Chiesa,2026-01-08T20:00:00+00:00,Open,1.28,Open,1.14,Open,1.1,Betsson,1.28,Betano,1.14,1.1228070175438598
Arsenal vs Liverpool,Federico Chiesa,Over 1.5,Spillers samlede antal skud | Federico Chiesa,2026-01-08T20:00:00+00:00,Open,2.25,Open,1.72,Open,1.6,Betsson,2.25,Betano,1.72,1.308139534883721
Arsenal vs Liverpool,Federico Chiesa,Over 2.5,Spillers samlede antal skud | Federico Chiesa,2026-01-08T20:00:00+00:00,Open,4.75,Open,3.2,Open,3.0,Betsson,4.75,Betano,3.2,1.484375
Arsenal vs Liverpool,Florian Wirtz,Over 0.5,Spillers samlede antal skud | Florian Wirtz,2026-01-08T20:00:00+00:00,Open,1.27,Open,1.25,Open,1.18,Betsson,1.27,Betano,1.25,1.016
Arsenal vs Liverpool,Florian Wirtz,Over 1.5,Spillers samlede antal skud | Florian Wirtz,2026-01-08T20:00:00+00:00,Open,2.2,Open,2.18,Open,2.0,Betsson,2.2,Betano,2.18,1.0091743119266054
Arsenal vs Liverpool,Florian Wirtz,Over 2.5,Spillers samlede antal skud | Florian Wirtz,2026-01-08T20:00:00+00:00,Open,4.5,Open,4.7,Open,4.33,Betano,4.7,Betsson,4.5,1.0444444444444445
Arsenal vs Liverpool,Gabriel Jesus,Over 2.5,Spillers samlede antal skud | Gabriel Jesus,,Open,1.35,Open,1.5,,,Betano,1.5,Betsson,1.35,1.111111111111111
Arsenal vs Liverpool,Gabriel Jesus,Over 3.5,Spillers samlede antal skud | Gabriel Jesus,,Open,1.85,Open,2.18,,,Betano,2.18,Betsson,1.85,1.1783783783783783
Arsenal vs Liverpool,Gabriel Jesus,Over 4.5,Spillers samlede antal skud | Gabriel Jesus,,Open,2.85,Open,3.7,,,Betano,3.7,Betsson,2.85,1.2982456140350878
Arsenal vs Liverpool,Gabriel Magalhaes,Over 0.5,Spillers samlede antal skud | Gabriel Magalhaes,2026-01-08T20:00:00+00:00,Open,1.52,,,Open,1.29,Betsson,1.52,Expekt,1.29,1.1782945736434107
Arsenal vs Liverpool,Gabriel Magalhaes,Over 1.5,Spillers samlede antal skud | Gabriel Magalhaes,2026-01-08T20:00:00+00:00,Open,3.3,,,Open,2.5,Betsson,3.3,Expekt,2.5,1.3199999999999998
Arsenal vs Liverpool,Gabriel Martinelli,Over 1.5,Spillers samlede antal skud | Gabriel Martinelli,2026-01-08T20:00:00+00:00,Open,1.32,Open,1.4,Open,1.29,Betano,1.4,Betsson,1.32,1.0606060606060606
Arsenal vs Liverpool,Gabriel Martinelli,Over 2.5,Spillers samlede antal skud | Gabriel Martinelli,2026-01-08T20:00:00+00:00,Open,2.0,Open,2.2,Open,1.91,Betano,2.2,Betsson,2.0,1.1
Arsenal vs Liverpool,Gabriel Martinelli,Over 3.5,Spillers samlede antal skud | Gabriel Martinelli,2026-01-08T20:00:00+00:00,Open,3.4,Open,4.05,Open,3.5,Betano,4.05,Expekt,3.5,1.157142857142857
Arsenal vs Liverpool,Giovanni Leoni,Over 0.5,Spillers samlede antal skud | Giovanni Leoni,,Open,3.6,,,,,Betsson,3.6,,,
Arsenal vs Liverpool,Giovanni Leoni,Over 1.5,Spillers samlede antal skud | Giovanni Leoni,,Open,15.0,,,,,Betsson,15.0,,,
Arsenal vs Liverpool,Hugo Ekitike,Over 1.5,Spillers samlede antal skud | Hugo Ekitike,2026-01-08T20:00:00+00:00,Open,1.52,,,Open,1.4,Betsson,1.52,Expekt,1.4,1.0857142857142859
Arsenal vs Liverpool,Hugo Ekitike,Over 2.5,Spillers samlede antal skud | Hugo Ekitike,2026-01-08T20:00:00+00:00,Open,2.5,,,Open,2.25,Betsson,2.5,Expekt,2.25,1.1111111111111112
Arsenal vs Liverpool,Hugo Ekitike,Over 3.5,Spillers samlede antal skud | Hugo Ekitike,2026-01-08T20:00:00+00:00,Open,4.5,,,Open,4.33,Betsson,4.5,Expekt,4.33,1.0392609699769053
Arsenal vs Liverpool,Ibrahima Konate,Over 0.5,Spillers samlede antal skud | Ibrahima Konate,2026-01-08T20:00:00+00:00,Open,2.6,,,Open,2.62,Expekt,2.62,Betsson,2.6,1.0076923076923077
Arsenal vs Liverpool,Ibrahima Konate,Over 1.5,Spillers samlede antal skud | Ibrahima Konate,2026-01-08T20:00:00+00:00,Open,9.0,,,Open,9.5,Expekt,9.5,Betsson,9.0,1.0555555555555556
Arsenal vs Liverpool,Jayden Danns,Over 0.5,Spillers samlede antal skud | Jayden Danns,,Open,1.27,Open,1.23,,,Betsson,1.27,Betano,1.23,1.032520325203252
Arsenal vs Liverpool,Jayden Danns,Over 1.5,Spillers samlede antal skud | Jayden Danns,,Open,2.15,Open,2.07,,,Betsson,2.15,Betano,2.07,1.038647342995169
Arsenal vs Liverpool,Jayden Danns,Over 2.5,Spillers samlede antal skud | Jayden Danns,,Open,4.5,Open,4.45,,,Betsson,4.5,Betano,4.45,1.0112359550561798
Arsenal vs Liverpool,Jeremie Frimpong,Over 0.5,Spillers samlede antal skud | Jeremie Frimpong,2026-01-08T20:00:00+00:00,Open,1.65,Open,1.88,Open,1.25,Betano,1.88,Betsson,1.65,1.1393939393939394
Arsenal vs Liverpool,Jeremie Frimpong,Over 1.5,Spillers samlede antal skud | Jeremie Frimpong,2026-01-08T20:00:00+00:00,Open,3.9,Open,5.4,Open,2.3,Betano,5.4,Betsson,3.9,1.3846153846153848
Arsenal vs Liverpool,Joe Gomez,Over 0.5,Spillers samlede antal skud | Joe Gomez,,Open,2.9,Open,2.65,,,Betsson,2.9,Betano,2.65,1.0943396226415094
Arsenal vs Liverpool,Joe Gomez,Over 1.5,Spillers samlede antal skud | Joe Gomez,,Open,11.0,Open,9.75,,,Betsson,11.0,Betano,9.75,1.1282051282051282
Arsenal vs Liverpool,Josh Nichols,Over 0.5,Spillers samlede antal skud | Josh Nichols,,Open,1.52,Open,1.88,,,Betano,1.88,Betsson,1.52,1.2368421052631577
Arsenal vs Liverpool,Josh Nichols,Over 1.5,Spillers samlede antal skud | Josh Nichols,,Open,3.2,Open,5.3,,,Betano,5.3,Betsson,3.2,1.6562499999999998
Arsenal vs Liverpool,Jurrien Timber,Over 0.5,Spillers samlede antal skud | Jurrien Timber,2026-01-08T20:00:00+00:00,Open,1.45,Open,1.33,Open,1.62,Expekt,1.62,Betsson,1.45,1.1172413793103448
Arsenal vs Liverpool,Jurrien Timber,Over 1.5,Spillers samlede antal skud | Jurrien Timber,2026-01-08T20:00:00+00:00,Open,3.0,Open,2.5,Open,4.5,Expekt,4.5,Betsson,3.0,1.5
Arsenal vs Liverpool,Kai Havertz,Over 1.5,Spillers samlede antal skud | Kai Havertz,2026-01-08T20:00:00+00:00,Open,1.2,Open,1.39,Open,1.07,Betano,1.39,Betsson,1.2,1.1583333333333332
Arsenal vs Liverpool,Kai Havertz,Over 2.5,Spillers samlede antal skud | Kai Havertz,2026-01-08T20:00:00+00:00,Open,1.62,Open,2.18,Open,1.25,Betano,2.18,Betsson,1.62,1.345679012345679
Arsenal vs Liverpool,Kai Havertz,Over 3.5,Spillers samlede antal skud | Kai Havertz,2026-01-08T20:00:00+00:00,Open,2.45,Open,4.0,Open,1.7,Betano,4.0,Betsson,2.45,1.6326530612244896
Arsenal vs Liverpool,Kaide Gordon,Over 0.5,Spillers samlede antal skud | Kaide Gordon,,Open,1.23,Open,1.28,,,Betano,1.28,Betsson,1.23,1.0406504065040652
Arsenal vs Liverpool,Kaide Gordon,Over 1.5,Spillers samlede antal skud | Kaide Gordon,,Open,2.05,Open,2.3,,,Betano,2.3,Betsson,2.05,1.1219512195121952
Arsenal vs Liverpool,Kaide Gordon,Over 2.5,Spillers samlede antal skud | Kaide Gordon,,Open,4.0,Open,5.1,,,Betano,5.1,Betsson,4.0,1.275
Arsenal vs Liverpool,Keyrol Figueroa,Over 1.5,Spillers samlede antal skud | Keyrol Figueroa,,Open,1.5,,,,,Betsson,1.5,,,
Arsenal vs Liverpool,Keyrol Figueroa,Over 2.5,Spillers samlede antal skud | Keyrol Figueroa,,Open,2.4,,,,,Betsson,2.4,,,
Arsenal vs Liverpool,Keyrol Figueroa,Over 3.5,Spillers samlede antal skud | Keyrol Figueroa,,Open,4.5,,,,,Betsson,4.5,,,
Arsenal vs Liverpool,Kieran Morrison,Over 0.5,Spillers samlede antal skud | Kieran Morrison,,Open,1.12,Open,1.28,,,Betano,1.28,Betsson,1.12,1.1428571428571428
Arsenal vs Liverpool,Kieran Morrison,Over 1.5,Spillers samlede antal skud | Kieran Morrison,,Open,1.62,Open,2.32,,,Betano,2.32,Betsson,1.62,1.4320987654320985
Arsenal vs Liverpool,Kieran Morrison,Over 2.5,Spillers samlede antal skud | Kieran Morrison,,Open,2.8,Open,5.2,,,Betano,5.2,Betsson,2.8,1.8571428571428574
Arsenal vs Liverpool,Leandro Trossard,Over 1.5,Spillers samlede antal skud | Leandro Trossard,2026-01-08T20:00:00+00:00,Open,1.38,Open,1.39,Open,1.3,Betano,1.39,Betsson,1.38,1.0072463768115942
Arsenal vs Liverpool,Leandro Trossard,Over 2.5,Spillers samlede antal skud | Leandro Trossard,2026-01-08T20:00:00+00:00,Open,2.1,Open,2.18,Open,1.95,Betano,2.18,Betsson,2.1,1.0380952380952382
Arsenal vs Liverpool,Leandro Trossard,Over 3.5,Spillers samlede antal skud | Leandro Trossard,2026-01-08T20:00:00+00:00,Open,3.7,Open,4.05,Open,3.6,Betano,4.05,Betsson,3.7,1.0945945945945945
Arsenal vs Liverpool,Louie Copley,Over 0.5,Spillers samlede antal skud | Louie Copley,,Open,1.17,Open,1.33,,,Betano,1.33,Betsson,1.17,1.136752136752137
Arsenal vs Liverpool,Louie Copley,Over 1.5,Spillers samlede antal skud | Louie Copley,,Open,1.8,Open,2.5,,,Betano,2.5,Betsson,1.8,1.3888888888888888
Arsenal vs Liverpool,Louie Copley,Over 2.5,Spillers samlede antal skud | Louie Copley,,Open,3.3,Open,5.8,,,Betano,5.8,Betsson,3.3,1.7575757575757576
Arsenal vs Liverpool,Marli Salmon,Over 0.5,Spillers samlede antal skud | Marli Salmon,,Open,1.62,Open,2.0,,,Betano,2.0,Betsson,1.62,1.2345679012345678
Arsenal vs Liverpool,Marli Salmon,Over 1.5,Spillers samlede antal skud | Marli Salmon,,Open,3.7,Open,6.0,,,Betano,6.0,Betsson,3.7,1.6216216216216215
Arsenal vs Liverpool,Martin Zubimendi,Over 0.5,Spillers samlede antal skud | Martin Zubimendi,2026-01-08T20:00:00+00:00,Open,1.65,Open,1.47,Open,1.44,Betsson,1.65,Betano,1.47,1.1224489795918366
Arsenal vs Liverpool,Martin Zubimendi,Over 1.5,Spillers samlede antal skud | Martin Zubimendi,2026-01-08T20:00:00+00:00,Open,3.9,Open,3.2,Open,3.25,Betsson,3.9,Expekt,3.25,1.2
Arsenal vs Liverpool,Martin Ødegaard,Over 0.5,Spillers samlede antal skud | Martin Ødegaard,,Open,1.13,,,,,Betsson,1.13,,,
Arsenal vs Liverpool,Martin Ødegaard,Over 1.5,Spillers samlede antal skud | Martin Ødegaard,,Open,1.65,,,,,Betsson,1.65,,,
Arsenal vs Liverpool,Martin Ødegaard,Over 2.5,Spillers samlede antal skud | Martin Ødegaard,,Open,2.85,,,,,Betsson,2.85,,,
Arsenal vs Liverpool,Max Dowman,Over 1.5,Spillers samlede antal skud | Max Dowman,,Open,1.35,,,,,Betsson,1.35,,,
Arsenal vs Liverpool,Max Dowman,Over 2.5,Spillers samlede antal skud | Max Dowman,,Open,2.05,,,,,Betsson,2.05,,,
Arsenal vs Liverpool,Max Dowman,Over 3.5,Spillers samlede antal skud | Max Dowman,,Open,3.5,,,,,Betsson,3.5,,,
Arsenal vs Liverpool,Michael Laffey,Over 0.5,Spillers samlede antal skud | Michael Laffey,,Open,1.16,Open,1.93,,,Betano,1.93,Betsson,1.16,1.663793103448276
Arsenal vs Liverpool,Michael Laffey,Over 1.5,Spillers samlede antal skud | Michael Laffey,,Open,1.75,Open,5.6,,,Betano,5.6,Betsson,1.75,3.1999999999999997
Arsenal vs Liverpool,Michael Laffey,Over 2.5,Spillers samlede antal skud | Michael Laffey,,Open,3.2,Open,14.5,,,Betano,14.5,Betsson,3.2,4.53125
Arsenal vs Liverpool,Mikel Merino,Over 1.5,Spillers samlede antal skud | Mikel Merino,2026-01-08T20:00:00+00:00,Open,1.42,Open,1.39,Open,1.22,Betsson,1.42,Betano,1.39,1.0215827338129497
Arsenal vs Liverpool,Mikel Merino,Over 2.5,Spillers samlede antal skud | Mikel Merino,2026-01-08T20:00:00+00:00,Open,2.2,Open,2.18,Open,1.73,Betsson,2.2,Betano,2.18,1.0091743119266054
Arsenal vs Liverpool,Mikel Merino,Over 3.5,Spillers samlede antal skud | Mikel Merino,2026-01-08T20:00:00+00:00,Open,3.9,Open,4.0,Open,3.0,Betano,4.0,Betsson,3.9,1.0256410256410258
Arsenal vs Liverpool,Milos Kerkez,Over 0.5,Spillers samlede antal skud | Milos Kerkez,2026-01-08T20:00:00+00:00,Open,2.8,Open,2.42,Open,1.8,Betsson,2.8,Betano,2.42,1.1570247933884297
Arsenal vs Liverpool,Milos Kerkez,Over 1.5,Spillers samlede antal skud | Milos Kerkez,2026-01-08T20:00:00+00:00,Open,10.0,Open,8.5,Open,5.0,Betsson,10.0,Betano,8.5,1.1764705882352942
Arsenal vs Liverpool,Myles Lewis-skelly,Over 0.5,Spillers samlede antal skud | Myles Lewis-skelly,,Open,1.78,,,,,Betsson,1.78,,,
Arsenal vs Liverpool,Myles Lewis-skelly,Over 1.5,Spillers samlede antal skud | Myles Lewis-skelly,,Open,4.5,,,,,Betsson,4.5,,,
Arsenal vs Liverpool,Noni Madueke,Over 1.5,Spillers samlede antal skud | Noni Madueke,2026-01-08T20:00:00+00:00,Open,1.24,Open,1.22,Open,1.25,Expekt,1.25,Betsson,1.24,1.0080645161290323
Arsenal vs Liverpool,Noni Madueke,Over 2.5,Spillers samlede antal skud | Noni Madueke,2026-01-08T20:00:00+00:00,Open,1.72,Open,1.7,Open,1.8,Expekt,1.8,Betsson,1.72,1.0465116279069768
Arsenal vs Liverpool,Noni Madueke,Over 3.5,Spillers samlede antal skud | Noni Madueke,2026-01-08T20:00:00+00:00,Open,2.75,Open,2.75,Open,3.1,Expekt,3.1,Betsson,2.75,1.1272727272727272
Arsenal vs Liverpool,Piero Hincapie,Over 0.5,Spillers samlede antal skud | Piero Hincapie,2026-01-08T20:00:00+00:00,Open,1.75,,,Open,1.75,Betsson,1.75,Expekt,1.75,1.0
Arsenal vs Liverpool,Piero Hincapie,Over 1.5,Spillers samlede antal skud | Piero Hincapie,2026-01-08T20:00:00+00:00,Open,4.25,,,Open,5.0,Expekt,5.0,Betsson,4.25,1.1764705882352942
Arsenal vs Liverpool,Rhys Williams,Over 0.5,Spillers samlede antal skud | Rhys Williams,,Open,3.1,Open,2.7,,,Betsson,3.1,Betano,2.7,1.1481481481481481
Arsenal vs Liverpool,Rhys Williams,Over 1.5,Spillers samlede antal skud | Rhys Williams,,Open,12.0,Open,10.25,,,Betsson,12.0,Betano,10.25,1.170731707317073
Arsenal vs Liverpool,Riccardo Calafiori,Over 0.5,Spillers samlede antal skud | Riccardo Calafiori,,Open,1.3,,,,,Betsson,1.3,,,
Arsenal vs Liverpool,Riccardo Calafiori,Over 1.5,Spillers samlede antal skud | Riccardo Calafiori,,Open,2.35,,,,,Betsson,2.35,,,
Arsenal vs Liverpool,Riccardo Calafiori,Over 2.5,Spillers samlede antal skud | Riccardo Calafiori,,Open,5.0,,,,,Betsson,5.0,,,
Arsenal vs Liverpool,Rio Ngumoha,Over 0.5,Spillers samlede antal skud | Rio Ngumoha,,Open,1.38,Open,1.31,,,Betsson,1.38,Betano,1.31,1.0534351145038168
Arsenal vs Liverpool,Rio Ngumoha,Over 1.5,Spillers samlede antal skud | Rio Ngumoha,,Open,2.7,Open,2.42,,,Betsson,2.7,Betano,2.42,1.115702479338843
Arsenal vs Liverpool,Rio Ngumoha,Over 2.5,Spillers samlede antal skud | Rio Ngumoha,,Open,6.0,Open,5.5,,,Betsson,6.0,Betano,5.5,1.0909090909090908
Arsenal vs Liverpool,Ryan Gravenberch,Over 0.5,Spillers samlede antal skud | Ryan Gravenberch,2026-01-08T20:00:00+00:00,Open,1.75,Open,1.93,Open,1.7,Betano,1.93,Betsson,1.75,1.1028571428571428
Arsenal vs Liverpool,Ryan Gravenberch,Over 1.5,Spillers samlede antal skud | Ryan Gravenberch,2026-01-08T20:00:00+00:00,Open,4.25,Open,5.6,Open,5.0,Betano,5.6,Expekt,5.0,1.1199999999999999
Arsenal vs Liverpool,Stefan Bajcetic,Over 0.5,Spillers samlede antal skud | Stefan Bajcetic,,Open,1.9,Open,1.93,,,Betano,1.93,Betsson,1.9,1.0157894736842106
Arsenal vs Liverpool,Stefan Bajcetic,Over 1.5,Spillers samlede antal skud | Stefan Bajcetic,,Open,5.0,Open,5.6,,,Betano,5.6,Betsson,5.0,1.1199999999999999
Arsenal vs Liverpool,Tommy Pilling,Over 0.5,Spillers samlede antal skud | Tommy Pilling,,Open,1.16,Open,1.72,,,Betano,1.72,Betsson,1.16,1.4827586206896552
Arsenal vs Liverpool,Tommy Pilling,Over 1.5,Spillers samlede antal skud | Tommy Pilling,,Open,1.75,Open,4.4,,,Betano,4.4,Betsson,1.75,2.5142857142857147
Arsenal vs Liverpool,Tommy Pilling,Over 2.5,Spillers samlede antal skud | Tommy Pilling,,Open,3.2,Open,11.75,,,Betano,11.75,Betsson,3.2,3.671875
Arsenal vs Liverpool,Trent Kone-Doherty,Over 0.5,Spillers samlede antal skud | Trent Kone-Doherty,,Open,1.45,Open,1.34,,,Betsson,1.45,Betano,1.34,1.0820895522388059
Arsenal vs Liverpool,Trent Kone-Doherty,Over 1.5,Spillers samlede antal skud | Trent Kone-Doherty,,Open,2.95,Open,2.52,,,Betsson,2.95,Betano,2.52,1.1706349206349207
Arsenal vs Liverpool,Treymaurice Nyoni,Over 0.5,Spillers samlede antal skud | Treymaurice Nyoni,,Open,1.72,,,,,Betsson,1.72,,,
Arsenal vs Liverpool,Treymaurice Nyoni,Over 1.5,Spillers samlede antal skud | Treymaurice Nyoni,,Open,4.25,,,,,Betsson,4.25,,,
Arsenal vs Liverpool,Viktor Gyökeres,Over 1.5,Spillers samlede antal skud | Viktor Gyökeres,,Open,1.42,,,,,Betsson,1.42,,,
Arsenal vs Liverpool,Viktor Gyökeres,Over 2.5,Spillers samlede antal skud | Viktor Gyökeres,,Open,2.2,,,,,Betsson,2.2,,,
Arsenal vs Liverpool,Viktor Gyökeres,Over 3.5,Spillers samlede antal skud | Viktor Gyökeres,,Open,3.9,,,,,Betsson,3.9,,,
Arsenal vs Liverpool,Virgil van Dijk,Over 0.5,Spillers samlede antal skud | Virgil van Dijk,,Open,2.3,Open,1.8,,,Betsson,2.3,Betano,1.8,1.2777777777777777
Arsenal vs Liverpool,Virgil van Dijk,Over 1.5,Spillers samlede antal skud | Virgil van Dijk,,Open,7.0,Open,4.9,,,Betsson,7.0,Betano,4.9,1.4285714285714284
Arsenal vs Liverpool,Wataru Endo,Over 0.5,Spillers samlede antal skud | Wataru Endo,,Open,3.2,,,,,Betsson,3.2,,,
Arsenal vs Liverpool,Wataru Endo,Over 1.5,Spillers samlede antal skud | Wataru Endo,,Open,13.0,,,,,Betsson,13.0,,,
Arsenal vs Liverpool,Wellity Lucky,Over 0.5,Spillers samlede antal skud | Wellity Lucky,,Open,2.8,Open,2.7,,,Betsson,2.8,Betano,2.7,1.037037037037037
Arsenal vs Liverpool,Wellity Lucky,Over 1.5,Spillers samlede antal skud | Wellity Lucky,,Open,10.0,Open,10.25,,,Betano,10.25,Betsson,10.0,1.025
Arsenal vs Liverpool,William Saliba,Over 0.5,Spillers samlede antal skud | William Saliba,2026-01-08T20:00:00+00:00,Open,1.85,Open,2.0,Open,2.25,Expekt,2.25,Betano,2.0,1.125
Arsenal vs Liverpool,William Saliba,Over 1.5,Spillers samlede antal skud | William Saliba,2026-01-08T20:00:00+00:00,Open,4.75,Open,6.0,Open,7.5,Expekt,7.5,Betano,6.0,1.25
Arsenal vs Liverpool,Alexis Mac Allister,Over 0.5,Antal afslutninger på mål | Alexis Mac Allister,2026-01-08T20:00:00+00:00,Open,3.3,Open,3.5,Open,2.4,Betano,3.5,Betsson,3.3,1.0606060606060606
Arsenal vs Liverpool,Alexis Mac Allister,Over 1.5,Antal afslutninger på mål | Alexis Mac Allister,2026-01-08T20:00:00+00:00,Open,17.0,Open,14.5,Open,8.0,Betsson,17.0,Betano,14.5,1.1724137931034482
Arsenal vs Liverpool,Amara Nallo,Over 0.5,Antal afslutninger på mål | Amara Nallo,,Open,6.0,Open,6.1,,,Betano,6.1,Betsson,6.0,1.0166666666666666
Arsenal vs Liverpool,Andre HarrimanAnnous,Over 0.5,Antal afslutninger på mål | Andre HarrimanAnnous,,Open,1.23,,,,,Betsson,1.23,,,
Arsenal vs Liverpool,Andre HarrimanAnnous,Over 1.5,Antal afslutninger på mål | Andre HarrimanAnnous,,Open,2.1,,,,,Betsson,2.1,,,
Arsenal vs Liverpool,Andre HarrimanAnnous,Over 2.5,Antal afslutninger på mål | Andre HarrimanAnnous,,Open,4.5,,,,,Betsson,4.5,,,
Arsenal vs Liverpool,Andrew Robertson,Over 0.5,Antal afslutninger på mål | Andrew Robertson,,Open,6.0,Open,5.7,,,Betsson,6.0,Betano,5.7,1.0526315789473684
Arsenal vs Liverpool,Ben White,Over 0.5,Antal afslutninger på mål | Ben White,2026-01-08T20:00:00+00:00,Open,3.6,Open,4.65,Open,4.5,Betano,4.65,Expekt,4.5,1.0333333333333334
Arsenal vs Liverpool,Ben White,Over 1.5,Antal afslutninger på mål | Ben White,2026-01-08T20:00:00+00:00,Open,19.0,Open,18.5,Open,23.0,Expekt,23.0,Betsson,19.0,1.2105263157894737
Arsenal vs Liverpool,Bukayo Saka,Over 0.5,Antal afslutninger på mål | Bukayo Saka,2026-01-08T20:00:00+00:00,Open,1.42,Open,1.45,Open,1.33,Betano,1.45,Betsson,1.42,1.0211267605633803
Arsenal vs Liverpool,Bukayo Saka,Over 1.5,Antal afslutninger på mål | Bukayo Saka,2026-01-08T20:00:00+00:00,Open,3.0,Open,3.05,Open,2.7,Betano,3.05,Betsson,3.0,1.0166666666666666
Arsenal vs Liverpool,Calvin Ramsay,Over 0.5,Antal afslutninger på mål | Calvin Ramsay,2026-01-08T20:00:00+00:00,Open,5.0,Open,5.6,Open,5.0,Betano,5.6,Betsson,5.0,1.1199999999999999
Arsenal vs Liverpool,Carter Pinnington,Over 0.5,Antal afslutninger på mål | Carter Pinnington,,Open,6.0,Open,6.1,,,Betano,6.1,Betsson,6.0,1.0166666666666666
Arsenal vs Liverpool,Charles Sagoe Jr,Over 0.5,Antal afslutninger på mål | Charles Sagoe Jr,,Open,1.42,,,,,Betsson,1.42,,,
Arsenal vs Liverpool,Charles Sagoe Jr,Over 1.5,Antal afslutninger på mål | Charles Sagoe Jr,,Open,2.95,,,,,Betsson,2.95,,,
Arsenal vs Liverpool,Christian Nørgaard,Over 0.5,Antal afslutninger på mål | Christian Nørgaard,,Open,2.65,Open,3.45,,,Betano,3.45,Betsson,2.65,1.3018867924528303
Arsenal vs Liverpool,Christian Nørgaard,Over 1.5,Antal afslutninger på mål | Christian Nørgaard,,Open,11.0,Open,14.0,,,Betano,14.0,Betsson,11.0,1.2727272727272727
Arsenal vs Liverpool,Cody Gakpo,Over 0.5,Antal afslutninger på mål | Cody Gakpo,2026-01-08T20:00:00+00:00,Open,2.4,Open,2.15,Open,1.67,Betsson,2.4,Betano,2.15,1.1162790697674418
Arsenal vs Liverpool,Cody Gakpo,Over 1.5,Antal afslutninger på mål | Cody Gakpo,2026-01-08T20:00:00+00:00,Open,9.0,Open,6.9,Open,4.5,Betsson,9.0,Betano,6.9,1.3043478260869565
Arsenal vs Liverpool,Conor Bradley,Over 0.5,Antal afslutninger på mål | Conor Bradley,2026-01-08T20:00:00+00:00,Open,4.5,Open,6.0,Open,3.8,Betano,6.0,Betsson,4.5,1.3333333333333333
Arsenal vs Liverpool,Cristhian Mosquera,Over 0.5,Antal afslutninger på mål | Cristhian Mosquera,,Open,6.5,,,,,Betsson,6.5,,,
Arsenal vs Liverpool,Curtis Jones,Over 0.5,Antal afslutninger på mål | Curtis Jones,2026-01-08T20:00:00+00:00,Open,4.25,Open,3.6,Open,3.8,Betsson,4.25,Expekt,3.8,1.118421052631579
Arsenal vs Liverpool,Declan Rice,Over 0.5,Antal afslutninger på mål | Declan Rice,2026-01-08T20:00:00+00:00,Open,2.15,Open,1.98,Open,2.3,Expekt,2.3,Betsson,2.15,1.069767441860465
Arsenal vs Liverpool,Declan Rice,Over 1.5,Antal afslutninger på mål | Declan Rice,2026-01-08T20:00:00+00:00,Open,7.0,Open,5.9,Open,7.0,Betsson,7.0,Expekt,7.0,1.0
Arsenal vs Liverpool,Dominik Szoboszlai,Over 0.5,Antal afslutninger på mål | Dominik Szoboszlai,2026-01-08T20:00:00+00:00,Open,2.65,Open,2.25,Open,2.1,Betsson,2.65,Betano,2.25,1.1777777777777778
Arsenal vs Liverpool,Dominik Szoboszlai,Over 1.5,Antal afslutninger på mål | Dominik Szoboszlai,2026-01-08T20:00:00+00:00,Open,11.0,Open,7.5,Open,6.0,Betsson,11.0,Betano,7.5,1.4666666666666666
Arsenal vs Liverpool,Eberechi Eze,Over 0.5,Antal afslutninger på mål | Eberechi Eze,2026-01-08T20:00:00+00:00,Open,1.48,Open,1.93,Open,1.4,Betano,1.93,Betsson,1.48,1.304054054054054
Arsenal vs Liverpool,Eberechi Eze,Over 1.5,Antal afslutninger på mål | Eberechi Eze,2026-01-08T20:00:00+00:00,Open,3.2,Open,5.7,Open,3.1,Betano,5.7,Betsson,3.2,1.78125
Arsenal vs Liverpool,Ethan Nwaneri,Over 0.5,Antal afslutninger på mål | Ethan Nwaneri,2026-01-08T20:00:00+00:00,Open,1.55,Open,1.57,Open,1.5,Betano,1.57,Betsson,1.55,1.0129032258064516
Arsenal vs Liverpool,Ethan Nwaneri,Over 1.5,Antal afslutninger på mål | Ethan Nwaneri,2026-01-08T20:00:00+00:00,Open,3.7,Open,3.7,Open,3.5,Betsson,3.7,Betano,3.7,1.0
Arsenal vs Liverpool,Federico Chiesa,Over 0.5,Antal afslutninger på mål | Federico Chiesa,2026-01-08T20:00:00+00:00,Open,2.4,Open,2.07,Open,1.95,Betsson,2.4,Betano,2.07,1.1594202898550725
Arsenal vs Liverpool,Federico Chiesa,Over 1.5,Antal afslutninger på mål | Federico Chiesa,2026-01-08T20:00:00+00:00,Open,9.0,Open,6.4,Open,5.5,Betsson,9.0,Betano,6.4,1.40625
Arsenal vs Liverpool,Florian Wirtz,Over 0.5,Antal afslutninger på mål | Florian Wirtz,2026-01-08T20:00:00+00:00,Open,2.8,Open,2.32,Open,2.25,Betsson,2.8,Betano,2.32,1.206896551724138
Arsenal vs Liverpool,Florian Wirtz,Over 1.5,Antal afslutninger på mål | Florian Wirtz,2026-01-08T20:00:00+00:00,Open,12.0,Open,7.9,Open,7.0,Betsson,12.0,Betano,7.9,1.5189873417721518
Arsenal vs Liverpool,Gabriel Jesus,Over 0.5,Antal afslutninger på mål | Gabriel Jesus,,Open,1.25,Open,1.36,,,Betano,1.36,Betsson,1.25,1.088
Arsenal vs Liverpool,Gabriel Jesus,Over 1.5,Antal afslutninger på mål | Gabriel Jesus,,Open,2.15,Open,2.55,,,Betano,2.55,Betsson,2.15,1.1860465116279069
Arsenal vs Liverpool,Gabriel Jesus,Over 2.5,Antal afslutninger på mål | Gabriel Jesus,,Open,4.75,Open,6.0,,,Betano,6.0,Betsson,4.75,1.263157894736842
Arsenal vs Liverpool,Gabriel Magalhaes,Over 0.5,Antal afslutninger på mål | Gabriel Magalhaes,2026-01-08T20:00:00+00:00,Open,3.2,,,Open,2.7,Betsson,3.2,Expekt,2.7,1.1851851851851851
Arsenal vs Liverpool,Gabriel Magalhaes,Over 1.5,Antal afslutninger på mål | Gabriel Magalhaes,2026-01-08T20:00:00+00:00,Open,15.0,,,Open,9.0,Betsson,15.0,Expekt,9.0,1.6666666666666667
Arsenal vs Liverpool,Gabriel Martinelli,Over 0.5,Antal afslutninger på mål | Gabriel Martinelli,2026-01-08T20:00:00+00:00,Open,1.55,Open,1.75,Open,1.44,Betano,1.75,Betsson,1.55,1.129032258064516
Arsenal vs Liverpool,Gabriel Martinelli,Over 1.5,Antal afslutninger på mål | Gabriel Martinelli,2026-01-08T20:00:00+00:00,Open,3.6,Open,4.65,Open,3.25,Betano,4.65,Betsson,3.6,1.2916666666666667
Arsenal vs Liverpool,Giovanni Leoni,Over 0.5,Antal afslutninger på mål | Giovanni Leoni,,Open,7.5,,,,,Betsson,7.5,,,
Arsenal vs Liverpool,Hugo Ekitike,Over 0.5,Antal afslutninger på mål | Hugo Ekitike,2026-01-08T20:00:00+00:00,Open,1.85,,,Open,1.62,Betsson,1.85,Expekt,1.62,1.1419753086419753
Arsenal vs Liverpool,Hugo Ekitike,Over 1.5,Antal afslutninger på mål | Hugo Ekitike,2026-01-08T20:00:00+00:00,Open,5.0,,,Open,4.33,Betsson,5.0,Expekt,4.33,1.1547344110854503
Arsenal vs Liverpool,Ibrahima Konate,Over 0.5,Antal afslutninger på mål | Ibrahima Konate,2026-01-08T20:00:00+00:00,Open,6.0,,,Open,6.5,Expekt,6.5,Betsson,6.0,1.0833333333333333
Arsenal vs Liverpool,Jayden Danns,Over 0.5,Antal afslutninger på mål | Jayden Danns,,Open,2.3,Open,2.1,,,Betsson,2.3,Betano,2.1,1.0952380952380951
Arsenal vs Liverpool,Jayden Danns,Over 1.5,Antal afslutninger på mål | Jayden Danns,,Open,8.0,Open,6.7,,,Betsson,8.0,Betano,6.7,1.1940298507462686
Arsenal vs Liverpool,Jeremie Frimpong,Over 0.5,Antal afslutninger på mål | Jeremie Frimpong,2026-01-08T20:00:00+00:00,Open,4.75,Open,5.9,Open,2.4,Betano,5.9,Betsson,4.75,1.2421052631578948
Arsenal vs Liverpool,Joe Gomez,Over 0.5,Antal afslutninger på mål | Joe Gomez,,Open,7.5,Open,6.1,,,Betsson,7.5,Betano,6.1,1.2295081967213115
Arsenal vs Liverpool,Josh Nichols,Over 0.5,Antal afslutninger på mål | Josh Nichols,,Open,3.2,Open,4.65,,,Betano,4.65,Betsson,3.2,1.453125
Arsenal vs Liverpool,Josh Nichols,Over 1.5,Antal afslutninger på mål | Josh Nichols,,Open,15.0,Open,18.5,,,Betano,18.5,Betsson,15.0,1.2333333333333334
Arsenal vs Liverpool,Jurrien Timber,Over 0.5,Antal afslutninger på mål | Jurrien Timber,2026-01-08T20:00:00+00:00,Open,3.2,Open,4.4,Open,4.33,Betano,4.4,Expekt,4.33,1.0161662817551964
Arsenal vs Liverpool,Jurrien Timber,Over 1.5,Antal afslutninger på mål | Jurrien Timber,2026-01-08T20:00:00+00:00,Open,15.0,Open,18.0,Open,19.0,Expekt,19.0,Betano,18.0,1.0555555555555556
Arsenal vs Liverpool,Kai Havertz,Over 0.5,Antal afslutninger på mål | Kai Havertz,2026-01-08T20:00:00+00:00,Open,1.35,Open,1.6,Open,1.25,Betano,1.6,Betsson,1.35,1.1851851851851851
Arsenal vs Liverpool,Kai Havertz,Over 1.5,Antal afslutninger på mål | Kai Havertz,2026-01-08T20:00:00+00:00,Open,2.75,Open,3.8,Open,2.2,Betano,3.8,Betsson,2.75,1.3818181818181818
Arsenal vs Liverpool,Kai Havertz,Over 2.5,Antal afslutninger på mål | Kai Havertz,2026-01-08T20:00:00+00:00,Open,7.0,Open,10.0,Open,5.0,Betano,10.0,Betsson,7.0,1.4285714285714286
Arsenal vs Liverpool,Kaide Gordon,Over 0.5,Antal afslutninger på mål | Kaide Gordon,,Open,2.2,Open,2.35,,,Betano,2.35,Betsson,2.2,1.0681818181818181
Arsenal vs Liverpool,Kaide Gordon,Over 1.5,Antal afslutninger på mål | Kaide Gordon,,Open,7.5,Open,8.0,,,Betano,8.0,Betsson,7.5,1.0666666666666667
Arsenal vs Liverpool,Keyrol Figueroa,Over 0.5,Antal afslutninger på mål | Keyrol Figueroa,,Open,1.65,,,,,Betsson,1.65,,,
Arsenal vs Liverpool,Keyrol Figueroa,Over 1.5,Antal afslutninger på mål | Keyrol Figueroa,,Open,4.25,,,,,Betsson,4.25,,,
Arsenal vs Liverpool,Kieran Morrison,Over 0.5,Antal afslutninger på mål | Kieran Morrison,,Open,2.05,Open,2.57,,,Betano,2.57,Betsson,2.05,1.2536585365853659
Arsenal vs Liverpool,Kieran Morrison,Over 1.5,Antal afslutninger på mål | Kieran Morrison,,Open,6.5,Open,9.25,,,Betano,9.25,Betsson,6.5,1.4230769230769231
Arsenal vs Liverpool,Leandro Trossard,Over 0.5,Antal afslutninger på mål | Leandro Trossard,2026-01-08T20:00:00+00:00,Open,1.78,Open,1.7,Open,1.5,Betsson,1.78,Betano,1.7,1.0470588235294118
Arsenal vs Liverpool,Leandro Trossard,Over 1.5,Antal afslutninger på mål | Leandro Trossard,2026-01-08T20:00:00+00:00,Open,4.75,Open,4.35,Open,3.5,Betsson,4.75,Betano,4.35,1.0919540229885059
Arsenal vs Liverpool,Louie Copley,Over 0.5,Antal afslutninger på mål | Louie Copley,,Open,1.95,Open,2.82,,,Betano,2.82,Betsson,1.95,1.4461538461538461
Arsenal vs Liverpool,Louie Copley,Over 1.5,Antal afslutninger på mål | Louie Copley,,Open,6.0,Open,10.75,,,Betano,10.75,Betsson,6.0,1.7916666666666667
Arsenal vs Liverpool,Marli Salmon,Over 0.5,Antal afslutninger på mål | Marli Salmon,,Open,3.5,Open,4.65,,,Betano,4.65,Betsson,3.5,1.3285714285714287
Arsenal vs Liverpool,Marli Salmon,Over 1.5,Antal afslutninger på mål | Marli Salmon,,Open,18.0,Open,18.5,,,Betano,18.5,Betsson,18.0,1.0277777777777777
Arsenal vs Liverpool,Martin Zubimendi,Over 0.5,Antal afslutninger på mål | Martin Zubimendi,2026-01-08T20:00:00+00:00,Open,3.8,Open,3.45,Open,3.1,Betsson,3.8,Betano,3.45,1.1014492753623186
Arsenal vs Liverpool,Martin Zubimendi,Over 1.5,Antal afslutninger på mål | Martin Zubimendi,2026-01-08T20:00:00+00:00,Open,20.0,Open,14.0,Open,11.0,Betsson,20.0,Betano,14.0,1.4285714285714286
Arsenal vs Liverpool,Martin Ødegaard,Over 0.5,Antal afslutninger på mål | Martin Ødegaard,,Open,2.1,,,,,Betsson,2.1,,,
Arsenal vs Liverpool,Martin Ødegaard,Over 1.5,Antal afslutninger på mål | Martin Ødegaard,,Open,7.0,,,,,Betsson,7.0,,,
Arsenal vs Liverpool,Max Dowman,Over 0.5,Antal afslutninger på mål | Max Dowman,,Open,1.65,,,,,Betsson,1.65,,,
Arsenal vs Liverpool,Max Dowman,Over 1.5,Antal afslutninger på mål | Max Dowman,,Open,4.0,,,,,Betsson,4.0,,,
Arsenal vs Liverpool,Michael Laffey,Over 0.5,Antal afslutninger på mål | Michael Laffey,,Open,2.05,Open,4.65,,,Betano,4.65,Betsson,2.05,2.2682926829268295
Arsenal vs Liverpool,Michael Laffey,Over 1.5,Antal afslutninger på mål | Michael Laffey,,Open,6.5,Open,18.5,,,Betano,18.5,Betsson,6.5,2.8461538461538463
Arsenal vs Liverpool,Mikel Merino,Over 0.5,Antal afslutninger på mål | Mikel Merino,2026-01-08T20:00:00+00:00,Open,1.52,Open,1.6,Open,1.5,Betano,1.6,Betsson,1.52,1.0526315789473684
Arsenal vs Liverpool,Mikel Merino,Over 1.5,Antal afslutninger på mål | Mikel Merino,2026-01-08T20:00:00+00:00,Open,3.5,Open,3.8,Open,3.6,Betano,3.8,Expekt,3.6,1.0555555555555556
Arsenal vs Liverpool,Milos Kerkez,Over 0.5,Antal afslutninger på mål | Milos Kerkez,2026-01-08T20:00:00+00:00,Open,7.0,Open,5.7,Open,3.6,Betsson,7.0,Betano,5.7,1.2280701754385965
Arsenal vs Liverpool,Myles Lewis-skelly,Over 0.5,Antal afslutninger på mål | Myles Lewis-skelly,,Open,3.9,,,,,Betsson,3.9,,,
Arsenal vs Liverpool,Myles Lewis-skelly,Over 1.5,Antal afslutninger på mål | Myles Lewis-skelly,,Open,20.0,,,,,Betsson,20.0,,,
Arsenal vs Liverpool,Noni Madueke,Over 0.5,Antal afslutninger på mål | Noni Madueke,2026-01-08T20:00:00+00:00,Open,1.45,Open,1.33,Open,1.4,Betsson,1.45,Expekt,1.4,1.0357142857142858
Arsenal vs Liverpool,Noni Madueke,Over 1.5,Antal afslutninger på mål | Noni Madueke,2026-01-08T20:00:00+00:00,Open,3.1,Open,2.5,Open,3.1,Betsson,3.1,Expekt,3.1,1.0
Arsenal vs Liverpool,Piero Hincapie,Over 0.5,Antal afslutninger på mål | Piero Hincapie,2026-01-08T20:00:00+00:00,Open,3.7,,,Open,4.5,Expekt,4.5,Betsson,3.7,1.2162162162162162
Arsenal vs Liverpool,Piero Hincapie,Over 1.5,Antal afslutninger på mål | Piero Hincapie,2026-01-08T20:00:00+00:00,Open,20.0,,,Open,21.0,Expekt,21.0,Betsson,20.0,1.05
Arsenal vs Liverpool,Rhys Williams,Over 0.5,Antal afslutninger på mål | Rhys Williams,,Open,10.0,Open,6.1,,,Betsson,10.0,Betano,6.1,1.639344262295082
Arsenal vs Liverpool,Riccardo Calafiori,Over 0.5,Antal afslutninger på mål | Riccardo Calafiori,,Open,2.55,,,,,Betsson,2.55,,,
Arsenal vs Liverpool,Riccardo Calafiori,Over 1.5,Antal afslutninger på mål | Riccardo Calafiori,,Open,10.0,,,,,Betsson,10.0,,,
Arsenal vs Liverpool,Rio Ngumoha,Over 0.5,Antal afslutninger på mål | Rio Ngumoha,,Open,2.55,Open,2.5,,,Betsson,2.55,Betano,2.5,1.02
Arsenal vs Liverpool,Rio Ngumoha,Over 1.5,Antal afslutninger på mål | Rio Ngumoha,,Open,10.0,Open,8.75,,,Betsson,10.0,Betano,8.75,1.1428571428571428
Arsenal vs Liverpool,Ryan Gravenberch,Over 0.5,Antal afslutninger på mål | Ryan Gravenberch,2026-01-08T20:00:00+00:00,Open,4.75,Open,3.95,Open,3.8,Betsson,4.75,Betano,3.95,1.2025316455696202
Arsenal vs Liverpool,Stefan Bajcetic,Over 0.5,Antal afslutninger på mål | Stefan Bajcetic,,Open,5.0,Open,4.65,,,Betsson,5.0,Betano,4.65,1.075268817204301
Arsenal vs Liverpool,Tommy Pilling,Over 0.5,Antal afslutninger på mål | Tommy Pilling,,Open,2.05,Open,3.85,,,Betano,3.85,Betsson,2.05,1.878048780487805
Arsenal vs Liverpool,Tommy Pilling,Over 1.5,Antal afslutninger på mål | Tommy Pilling,,Open,6.5,Open,16.0,,,Betano,16.0,Betsson,6.5,2.4615384615384617
Arsenal vs Liverpool,Trent Kone-Doherty,Over 0.5,Antal afslutninger på mål | Trent Kone-Doherty,,Open,3.7,Open,2.55,,,Betsson,3.7,Betano,2.55,1.450980392156863
Arsenal vs Liverpool,Trent Kone-Doherty,Over 1.5,Antal afslutninger på mål | Trent Kone-Doherty,,Open,20.0,Open,9.25,,,Betsson,20.0,Betano,9.25,2.1621621621621623
Arsenal vs Liverpool,Treymaurice Nyoni,Over 0.5,Antal afslutninger på mål | Treymaurice Nyoni,,Open,3.9,,,,,Betsson,3.9,,,
Arsenal vs Liverpool,Treymaurice Nyoni,Over 1.5,Antal afslutninger på mål | Treymaurice Nyoni,,Open,20.0,,,,,Betsson,20.0,,,
Arsenal vs Liverpool,Viktor Gyökeres,Over 0.5,Antal afslutninger på mål | Viktor Gyökeres,,Open,1.55,,,,,Betsson,1.55,,,
Arsenal vs Liverpool,Viktor Gyökeres,Over 1.5,Antal afslutninger på mål | Viktor Gyökeres,,Open,3.7,,,,,Betsson,3.7,,,
Arsenal vs Liverpool,Virgil van Dijk,Over 0.5,Antal afslutninger på mål | Virgil van Dijk,,Open,5.5,Open,5.5,,,Betsson,5.5,Betano,5.5,1.0
Arsenal vs Liverpool,Wataru Endo,Over 0.5,Antal afslutninger på mål | Wataru Endo,,Open,9.5,,,,,Betsson,9.5,,,
Arsenal vs Liverpool,Wellity Lucky,Over 0.5,Antal afslutninger på mål | Wellity Lucky,,Open,6.5,Open,6.1,,,Betsson,6.5,Betano,6.1,1.0655737704918034
Arsenal vs Liverpool,William Saliba,Over 0.5,Antal afslutninger på mål | William Saliba,2026-01-08T20:00:00+00:00,Open,4.0,Open,4.65,Open,5.0,Expekt,5.0,Betano,4.65,1.075268817204301
Arsenal vs Liverpool,Alexis Mac Allister,Over 0.5,Spillers samlede antal assister | Alexis Mac Allister,2026-01-08T20:00:00+00:00,Open,12.0,Open,8.0,Open,9.0,Betsson,12.0,Expekt,9.0,1.3333333333333333
Arsenal vs Liverpool,Amara Nallo,Over 0.5,Spillers samlede antal assister | Amara Nallo,,Open,14.0,,,,,Betsson,14.0,,,
Arsenal vs Liverpool,Andre HarrimanAnnous,Over 0.5,Spillers samlede antal assister | Andre HarrimanAnnous,,Open,5.5,,,,,Betsson,5.5,,,
Arsenal vs Liverpool,Andrew Robertson,Over 0.5,Spillers samlede antal assister | Andrew Robertson,,Open,14.0,Open,9.0,,,Betsson,14.0,Betano,9.0,1.5555555555555556
Arsenal vs Liverpool,Ben White,Over 0.5,Spillers samlede antal assister | Ben White,2026-01-08T20:00:00+00:00,Open,11.0,Open,5.8,Open,6.5,Betsson,11.0,Expekt,6.5,1.6923076923076923
Arsenal vs Liverpool,Bukayo Saka,Over 0.5,Spillers samlede antal assister | Bukayo Saka,2026-01-08T20:00:00+00:00,Open,3.4,Open,2.77,Open,3.4,Betsson,3.4,Expekt,3.4,1.0
Arsenal vs Liverpool,Calvin Ramsay,Over 0.5,Spillers samlede antal assister | Calvin Ramsay,2026-01-08T20:00:00+00:00,Open,12.0,Open,9.0,Open,8.0,Betsson,12.0,Betano,9.0,1.3333333333333333
Arsenal vs Liverpool,Carter Pinnington,Over 0.5,Spillers samlede antal assister | Carter Pinnington,,Open,14.0,,,,,Betsson,14.0,,,
Arsenal vs Liverpool,Charles Sagoe Jr,Over 0.5,Spillers samlede antal assister | Charles Sagoe Jr,,Open,4.0,,,,,Betsson,4.0,,,
Arsenal vs Liverpool,Christian Nørgaard,Over 0.5,Spillers samlede antal assister | Christian Nørgaard,,Open,10.0,Open,6.8,,,Betsson,10.0,Betano,6.8,1.4705882352941178
Arsenal vs Liverpool,Cody Gakpo,Over 0.5,Spillers samlede antal assister | Cody Gakpo,2026-01-08T20:00:00+00:00,Open,9.0,Open,6.1,Open,6.0,Betsson,9.0,Betano,6.1,1.4754098360655739
Arsenal vs Liverpool,Conor Bradley,Over 0.5,Spillers samlede antal assister | Conor Bradley,2026-01-08T20:00:00+00:00,Open,14.0,Open,6.6,Open,7.5,Betsson,14.0,Expekt,7.5,1.8666666666666667
Arsenal vs Liverpool,Cristhian Mosquera,Over 0.5,Spillers samlede antal assister | Cristhian Mosquera,,Open,16.0,,,,,Betsson,16.0,,,
Arsenal vs Liverpool,Curtis Jones,Over 0.5,Spillers samlede antal assister | Curtis Jones,2026-01-08T20:00:00+00:00,Open,12.0,Open,8.0,Open,10.0,Betsson,12.0,Expekt,10.0,1.2
Arsenal vs Liverpool,Declan Rice,Over 0.5,Spillers samlede antal assister | Declan Rice,2026-01-08T20:00:00+00:00,Open,5.5,Open,5.1,Open,4.0,Betsson,5.5,Betano,5.1,1.0784313725490198
Arsenal vs Liverpool,Dominik Szoboszlai,Over 0.5,Spillers samlede antal assister | Dominik Szoboszlai,2026-01-08T20:00:00+00:00,Open,10.0,Open,6.8,Open,6.5,Betsson,10.0,Betano,6.8,1.4705882352941178
Arsenal vs Liverpool,Eberechi Eze,Over 0.5,Spillers samlede antal assister | Eberechi Eze,2026-01-08T20:00:00+00:00,Open,4.0,Open,4.5,Open,4.0,Betano,4.5,Betsson,4.0,1.125
Arsenal vs Liverpool,Ethan Nwaneri,Over 0.5,Spillers samlede antal assister | Ethan Nwaneri,2026-01-08T20:00:00+00:00,Open,5.5,Open,4.05,Open,4.5,Betsson,5.5,Expekt,4.5,1.2222222222222223
Arsenal vs Liverpool,Federico Chiesa,Over 0.5,Spillers samlede antal assister | Federico Chiesa,2026-01-08T20:00:00+00:00,Open,8.5,Open,5.4,Open,7.0,Betsson,8.5,Expekt,7.0,1.2142857142857142
Arsenal vs Liverpool,Florian Wirtz,Over 0.5,Spillers samlede antal assister | Florian Wirtz,2026-01-08T20:00:00+00:00,Open,9.0,Open,6.8,Open,6.0,Betsson,9.0,Betano,6.8,1.3235294117647058
Arsenal vs Liverpool,Gabriel Jesus,Over 0.5,Spillers samlede antal assister | Gabriel Jesus,,Open,4.0,Open,5.3,,,Betano,5.3,Betsson,4.0,1.325
Arsenal vs Liverpool,Gabriel Magalhaes,Over 0.5,Spillers samlede antal assister | Gabriel Magalhaes,2026-01-08T20:00:00+00:00,Open,12.0,,,Open,15.0,Expekt,15.0,Betsson,12.0,1.25
Arsenal vs Liverpool,Gabriel Martinelli,Over 0.5,Spillers samlede antal assister | Gabriel Martinelli,2026-01-08T20:00:00+00:00,Open,5.0,Open,5.0,Open,4.5,Betsson,5.0,Betano,5.0,1.0
Arsenal vs Liverpool,Giovanni Leoni,Over 0.5,Spillers samlede antal assister | Giovanni Leoni,,Open,16.0,,,,,Betsson,16.0,,,
Arsenal vs Liverpool,Hugo Ekitike,Over 0.5,Spillers samlede antal assister | Hugo Ekitike,2026-01-08T20:00:00+00:00,Open,7.5,,,Open,8.0,Expekt,8.0,Betsson,7.5,1.0666666666666667
Arsenal vs Liverpool,Ibrahima Konate,Over 0.5,Spillers samlede antal assister | Ibrahima Konate,2026-01-08T20:00:00+00:00,Open,19.0,,,Open,26.0,Expekt,26.0,Betsson,19.0,1.368421052631579
Arsenal vs Liverpool,Jayden Danns,Over 0.5,Spillers samlede antal assister | Jayden Danns,,Open,9.0,Open,8.0,,,Betsson,9.0,Betano,8.0,1.125
Arsenal vs Liverpool,Jeremie Frimpong,Over 0.5,Spillers samlede antal assister | Jeremie Frimpong,2026-01-08T20:00:00+00:00,Open,12.0,Open,7.4,Open,8.0,Betsson,12.0,Expekt,8.0,1.5
Arsenal vs Liverpool,Joe Gomez,Over 0.5,Spillers samlede antal assister | Joe Gomez,,Open,19.0,Open,6.4,,,Betsson,19.0,Betano,6.4,2.96875
Arsenal vs Liverpool,Josh Nichols,Over 0.5,Spillers samlede antal assister | Josh Nichols,,Open,7.5,Open,6.5,,,Betsson,7.5,Betano,6.5,1.1538461538461537
Arsenal vs Liverpool,Jurrien Timber,Over 0.5,Spillers samlede antal assister | Jurrien Timber,2026-01-08T20:00:00+00:00,Open,11.0,Open,5.0,Open,6.5,Betsson,11.0,Expekt,6.5,1.6923076923076923
Arsenal vs Liverpool,Kai Havertz,Over 0.5,Spillers samlede antal assister | Kai Havertz,2026-01-08T20:00:00+00:00,Open,5.5,Open,5.6,Open,5.5,Betano,5.6,Betsson,5.5,1.018181818181818
Arsenal vs Liverpool,Kaide Gordon,Over 0.5,Spillers samlede antal assister | Kaide Gordon,,Open,11.0,Open,6.3,,,Betsson,11.0,Betano,6.3,1.746031746031746
Arsenal vs Liverpool,Keyrol Figueroa,Over 0.5,Spillers samlede antal assister | Keyrol Figueroa,,Open,7.5,,,,,Betsson,7.5,,,
Arsenal vs Liverpool,Kieran Morrison,Over 0.5,Spillers samlede antal assister | Kieran Morrison,,Open,10.0,Open,6.6,,,Betsson,10.0,Betano,6.6,1.5151515151515151
Arsenal vs Liverpool,Leandro Trossard,Over 0.5,Spillers samlede antal assister | Leandro Trossard,2026-01-08T20:00:00+00:00,Open,4.25,Open,3.9,Open,4.5,Expekt,4.5,Betsson,4.25,1.0588235294117647
Arsenal vs Liverpool,Louie Copley,Over 0.5,Spillers samlede antal assister | Louie Copley,,Open,6.0,Open,5.6,,,Betsson,6.0,Betano,5.6,1.0714285714285714
Arsenal vs Liverpool,Marli Salmon,Over 0.5,Spillers samlede antal assister | Marli Salmon,,Open,12.0,Open,9.75,,,Betsson,12.0,Betano,9.75,1.2307692307692308
Arsenal vs Liverpool,Martin Zubimendi,Over 0.5,Spillers samlede antal assister | Martin Zubimendi,2026-01-08T20:00:00+00:00,Open,9.0,Open,5.0,Open,6.5,Betsson,9.0,Expekt,6.5,1.3846153846153846
Arsenal vs Liverpool,Martin Ødegaard,Over 0.5,Spillers samlede antal assister | Martin Ødegaard,,Open,5.5,,,,,Betsson,5.5,,,
Arsenal vs Liverpool,Max Dowman,Over 0.5,Spillers samlede antal assister | Max Dowman,,Open,6.0,,,,,Betsson,6.0,,,
Arsenal vs Liverpool,Michael Laffey,Over 0.5,Spillers samlede antal assister | Michael Laffey,,Open,7.5,Open,9.0,,,Betano,9.0,Betsson,7.5,1.2
Arsenal vs Liverpool,Mikel Merino,Over 0.5,Spillers samlede antal assister | Mikel Merino,2026-01-08T20:00:00+00:00,Open,4.75,Open,4.85,Open,3.75,Betano,4.85,Betsson,4.75,1.0210526315789472
Arsenal vs Liverpool,Milos Kerkez,Over 0.5,Spillers samlede antal assister | Milos Kerkez,2026-01-08T20:00:00+00:00,Open,19.0,Open,9.0,Open,11.0,Betsson,19.0,Expekt,11.0,1.7272727272727273
Arsenal vs Liverpool,Myles Lewis-skelly,Over 0.5,Spillers samlede antal assister | Myles Lewis-skelly,,Open,9.0,,,,,Betsson,9.0,,,
Arsenal vs Liverpool,Noni Madueke,Over 0.5,Spillers samlede antal assister | Noni Madueke,2026-01-08T20:00:00+00:00,Open,4.5,Open,4.05,Open,4.5,Betsson,4.5,Expekt,4.5,1.0
Arsenal vs Liverpool,Piero Hincapie,Over 0.5,Spillers samlede antal assister | Piero Hincapie,2026-01-08T20:00:00+00:00,Open,12.0,,,Open,10.0,Betsson,12.0,Expekt,10.0,1.2
Arsenal vs Liverpool,Rhys Williams,Over 0.5,Spillers samlede antal assister | Rhys Williams,,Open,19.0,,,,,Betsson,19.0,,,
Arsenal vs Liverpool,Riccardo Calafiori,Over 0.5,Spillers samlede antal assister | Riccardo Calafiori,,Open,9.0,,,,,Betsson,9.0,,,
Arsenal vs Liverpool,Rio Ngumoha,Over 0.5,Spillers samlede antal assister | Rio Ngumoha,,Open,10.0,Open,7.3,,,Betsson,10.0,Betano,7.3,1.36986301369863
Arsenal vs Liverpool,Ryan Gravenberch,Over 0.5,Spillers samlede antal assister | Ryan Gravenberch,2026-01-08T20:00:00+00:00,Open,14.0,Open,8.0,Open,9.5,Betsson,14.0,Expekt,9.5,1.4736842105263157
Arsenal vs Liverpool,Stefan Bajcetic,Over 0.5,Spillers samlede antal assister | Stefan Bajcetic,,Open,16.0,Open,9.0,,,Betsson,16.0,Betano,9.0,1.7777777777777777
Arsenal vs Liverpool,Tommy Pilling,Over 0.5,Spillers samlede antal assister | Tommy Pilling,,Open,10.0,Open,8.0,,,Betsson,10.0,Betano,8.0,1.25
Arsenal vs Liverpool,Trent Kone-Doherty,Over 0.5,Spillers samlede antal assister | Trent Kone-Doherty,,Open,12.0,Open,7.3,,,Betsson,12.0,Betano,7.3,1.6438356164383563
Arsenal vs Liverpool,Treymaurice Nyoni,Over 0.5,Spillers samlede antal assister | Treymaurice Nyoni,,Open,16.0,,,,,Betsson,16.0,,,
Arsenal vs Liverpool,Viktor Gyökeres,Over 0.5,Spillers samlede antal assister | Viktor Gyökeres,,Open,4.5,,,,,Betsson,4.5,,,
Arsenal vs Liverpool,Virgil van Dijk,Over 0.5,Spillers samlede antal assister | Virgil van Dijk,,Open,19.0,,,,,Betsson,19.0,,,
Arsenal vs Liverpool,Wataru Endo,Over 0.5,Spillers samlede antal assister | Wataru Endo,,Open,19.0,,,,,Betsson,19.0,,,
Arsenal vs Liverpool,Wellity Lucky,Over 0.5,Spillers samlede antal assister | Wellity Lucky,,Open,19.0,,,,,Betsson,19.0,,,
Arsenal vs Liverpool,William Saliba,Over 0.5,Spillers samlede antal assister | William Saliba,2026-01-08T20:00:00+00:00,Open,14.0,Open,9.75,Open,15.0,Expekt,15.0,Betsson,14.0,1.0714285714285714
