event,player,selectionLabel,marketLabel,payout_betinia,payout_expekt,payout_betano,best_bookmaker,best_payout,second_best_payout,ratio_best_over_second
Rayo Vallecano vs Mallorca,Alfonso Espino,Over 2.5,Spillers samlede antal skud | Alfonso Espino,,2.15,10.25,Betano,10.25,2.15,4.767441860465117
Udinese vs Pisa,Michel Aebischer,Yes,Spiller scorer | Michel Aebischer,2.5455,11.0,,Expekt,11.0,2.5455,4.3213514044392065
Levante vs Espanyol,Ramon Terrats,Over 3.5,Spillers samlede antal skud | Ramon Terrats,,3.2,13.0,Betano,13.0,3.2,4.0625
Atalanta vs Torino,Marco Brescianini,Over 3.5,Spillers samlede antal skud | Marco Brescianini,3.0,,12.0,Betano,12.0,3.0,4.0
Udinese vs Pisa,Juan Arizala,Yes,Spiller scorer | Juan Arizala,3.0,10.0,,Expekt,10.0,3.0,3.3333333333333335
Valencia vs Elche,Rodrigo Mendoza,Over 2.5,Spillers samlede antal skud | Rodrigo Mendoza,2.6,,8.5,Betano,8.5,2.6,3.269230769230769
Villarreal vs Alaves,Georges Mikautadze,Over 4.5,Spillers samlede antal skud | Georges Mikautadze,1.7143,2.3,7.3,Betano,7.3,2.3,3.173913043478261
Valencia vs Elche,Lucas Beltran,Over 2.5,Spillers samlede antal tacklinger | Lucas Beltran,3.5,11.0,,Expekt,11.0,3.5,3.142857142857143
Atalanta vs Torino,Marco Brescianini,Over 1.5,Antal afslutninger på mål | Marco Brescianini,3.3334,,10.25,Betano,10.25,3.3334,3.0749385012299753
Atalanta vs Torino,Marco Brescianini,Over 2.5,Spillers samlede antal skud | Marco Brescianini,1.8,,5.4,Betano,5.4,1.8,3.0
Udinese vs Pisa,Michel Aebischer,Over 0.5,Spillers samlede antal assister | Michel Aebischer,2.6667,8.0,,Expekt,8.0,2.6667,2.9999625004687442
Levante vs Espanyol,Roberto Fernandez,Over 0.5,Spillers samlede antal assister | Roberto Fernandez,2.5455,7.5,,Expekt,7.5,2.5455,2.946375957572186
Villarreal vs Alaves,Ayoze Perez,Over 0.5,Spillers samlede antal assister | Ayoze Perez,1.7,5.0,,Expekt,5.0,1.7,2.9411764705882355
Rayo Vallecano vs Mallorca,Alfonso Espino,Over 1.5,Spillers samlede antal skud | Alfonso Espino,,1.33,3.9,Betano,3.9,1.33,2.932330827067669
Algeriet vs Nigeria,Francis Uzoho,Yes,Spiller får kort | Francis Uzoho,,8.0,2.77,Expekt,8.0,2.77,2.888086642599278
Rayo Vallecano vs Mallorca,Abdon,Over 0.5,Spillers samlede antal assister | Abdon,3.2,9.0,,Expekt,9.0,3.2,2.8125
Atalanta vs Torino,Gianluca Scamacca,Over 0.5,Spillers samlede antal assister | Gianluca Scamacca,2.0,5.5,,Expekt,5.5,2.0,2.75
Real Oviedo vs Real Betis,Lamine Gueye,Yes,Spiller får kort | Lamine Gueye,2.75,7.5,,Expekt,7.5,2.75,2.727272727272727
Valencia vs Elche,Aimar Blazquez,Over 0.5,Spillers samlede antal assister | Aimar Blazquez,2.4,,6.5,Betano,6.5,2.4,2.7083333333333335
Udinese vs Pisa,Samuele Angori,Over 0.5,Antal afslutninger på mål | Samuele Angori,3.0,8.0,,Expekt,8.0,3.0,2.6666666666666665
Real Oviedo vs Real Betis,Alberto Reina,Over 2.5,Spillers samlede antal skud | Alberto Reina,3.0,,7.7,Betano,7.7,3.0,2.566666666666667
Real Oviedo vs Real Betis,Alex Fores,Over 0.5,Spillers samlede antal assister | Alex Fores,3.3334,8.5,,Expekt,8.5,3.3334,2.5499490010199795
Levante vs Espanyol,Jose Morales,Over 0.5,Spillers samlede antal assister | Jose Morales,2.75,,7.0,Betano,7.0,2.75,2.5454545454545454
Como 1907 vs Bologna,Ciro Immobile,Over 3.5,Spillers samlede antal skud | Ciro Immobile,,3.0,7.6,Betano,7.6,3.0,2.533333333333333
Atalanta vs Torino,Che Adams,Over 0.5,Spillers samlede antal assister | Che Adams,3.2,8.0,,Expekt,8.0,3.2,2.5
Valencia vs Elche,Lucas Beltran,Over 0.5,Spillers samlede antal assister | Lucas Beltran,2.6,6.5,,Expekt,6.5,2.6,2.5
Villarreal vs Alaves,Georges Mikautadze,Over 3.5,Spillers samlede antal skud | Georges Mikautadze,1.32,1.53,3.8,Betano,3.8,1.53,2.4836601307189543
Levante vs Espanyol,Ivan Romero,Over 0.5,Spillers samlede antal assister | Ivan Romero,2.6667,,6.6,Betano,6.6,2.6667,2.474969062886714
Rayo Vallecano vs Mallorca,Pedro Diaz,Over 0.5,Spillers samlede antal assister | Pedro Diaz,3.0,,7.4,Betano,7.4,3.0,2.466666666666667
Como 1907 vs Bologna,Maxence Caqueret,Over 2.5,Spillers samlede antal skud | Maxence Caqueret,,2.7,6.6,Betano,6.6,2.7,2.444444444444444
Rayo Vallecano vs Mallorca,Carlos Martin,Over 0.5,Spillers samlede antal assister | Carlos Martin,2.4546,6.0,,Expekt,6.0,2.4546,2.4443901246638964
Valencia vs Elche,Adam Boayar,Over 0.5,Spillers samlede antal assister | Adam Boayar,3.2,,7.6,Betano,7.6,3.2,2.3749999999999996
Algeriet vs Nigeria,Ramiz Zerrouki,Over 1.5,Spillers samlede antal skud | Ramiz Zerrouki,,2.25,5.3,Betano,5.3,2.25,2.3555555555555556
Rayo Vallecano vs Mallorca,Samu Becerra,Over 0.5,Spillers samlede antal assister | Samu Becerra,3.2,,7.4,Betano,7.4,3.2,2.3125
Atalanta vs Torino,Gvidas Gineitis,Over 2.5,Spillers samlede antal skud | Gvidas Gineitis,,3.5,8.0,Betano,8.0,3.5,2.2857142857142856
Real Oviedo vs Real Betis,Ivan Corralejo,Over 0.5,Spillers samlede antal assister | Ivan Corralejo,2.3637,,5.4,Betano,5.4,2.3637,2.2845538773956084
Udinese vs Pisa,Idrissa Gueye,Over 0.5,Spillers samlede antal assister | Idrissa Gueye,3.1,7.0,,Expekt,7.0,3.1,2.258064516129032
Rayo Vallecano vs Mallorca,Carlos Martin,Over 4.5,Spillers samlede antal skud | Carlos Martin,2.9,6.5,,Expekt,6.5,2.9,2.241379310344828
Rayo Vallecano vs Mallorca,Lucas Bergstrom,Yes,Spiller får kort | Lucas Bergstrom,,7.5,3.35,Expekt,7.5,3.35,2.2388059701492535
Valencia vs Elche,Rodrigo Mendoza,Over 1.5,Spillers samlede antal skud | Rodrigo Mendoza,1.52,,3.4,Betano,3.4,1.52,2.236842105263158
Egypten vs Elfenbenskysten,Evann Guessand,Over 3.5,Spillers samlede antal skud | Evann Guessand,,2.7,6.0,Betano,6.0,2.7,2.222222222222222
Udinese vs Pisa,Keinan Davis,Over 0.5,Spillers samlede antal assister | Keinan Davis,2.7143,6.0,,Expekt,6.0,2.7143,2.2105146815016763
Valencia vs Elche,Daniel Raba,Over 0.5,Spillers samlede antal assister | Daniel Raba,2.05,4.5,,Expekt,4.5,2.05,2.1951219512195124
Levante vs Espanyol,Pablo Martinez,Over 2.5,Spillers samlede antal skud | Pablo Martinez,1.75,2.3,5.0,Betano,5.0,2.3,2.173913043478261
Udinese vs Pisa,Sandi Lovric,Yes,Spiller får kort | Sandi Lovric,2.3,5.0,,Expekt,5.0,2.3,2.173913043478261
Algeriet vs Nigeria,Monsef Bakrar,Over 4.5,Spillers samlede antal skud | Monsef Bakrar,,3.5,7.6,Betano,7.6,3.5,2.1714285714285713
Rayo Vallecano vs Mallorca,Alfonso Espino,Over 0.5,Antal afslutninger på mål | Alfonso Espino,,1.62,3.5,Betano,3.5,1.62,2.1604938271604937
Udinese vs Pisa,Lennon Miller,Over 0.5,Spillers samlede antal assister | Lennon Miller,2.8,6.0,,Expekt,6.0,2.8,2.142857142857143
Algeriet vs Nigeria,Ilan Kebbal,Over 2.5,Spillers samlede antal skud | Ilan Kebbal,,2.3,4.9,Betano,4.9,2.3,2.130434782608696
Udinese vs Pisa,Iker Bravo,Over 0.5,Spillers samlede antal assister | Iker Bravo,3.1,6.5,,Expekt,6.5,3.1,2.096774193548387
Udinese vs Pisa,Samuele Angori,Yes,Spiller får kort | Samuele Angori,3.1,6.5,,Expekt,6.5,3.1,2.096774193548387
Algeriet vs Nigeria,Ademola Lookman,Over 4.5,Spillers samlede antal skud | Ademola Lookman,,3.4,7.1,Betano,7.1,3.4,2.088235294117647
Real Oviedo vs Real Betis,Ivan Corralejo,Over 3.5,Spillers samlede antal skud | Ivan Corralejo,2.9,,6.0,Betano,6.0,2.9,2.0689655172413794
Algeriet vs Nigeria,Calvin Bassey,Yes,Spiller får kort | Calvin Bassey,,6.0,2.92,Expekt,6.0,2.92,2.0547945205479454
Como 1907 vs Bologna,Ciro Immobile,Over 2.5,Spillers samlede antal skud | Ciro Immobile,,1.73,3.55,Betano,3.55,1.73,2.052023121387283
Valencia vs Elche,Adria Pedrosa,Over 0.5,Antal afslutninger på mål | Adria Pedrosa,4.0,1.95,,Betinia,4.0,1.95,2.0512820512820515
Valencia vs Elche,Eray Comert,Yes,Spiller får kort | Eray Comert,2.2,4.5,,Expekt,4.5,2.2,2.0454545454545454
Valencia vs Elche,Lucas Beltran,Over 1.5,Spillers samlede antal tacklinger | Lucas Beltran,2.2,4.5,,Expekt,4.5,2.2,2.0454545454545454
Levante vs Espanyol,Kareem Tunde,Over 2.5,Spillers samlede antal skud | Kareem Tunde,2.3,,4.7,Betano,4.7,2.3,2.0434782608695654
Como 1907 vs Bologna,Lewis Ferguson,Over 1.5,Spillers samlede antal skud | Lewis Ferguson,,1.91,3.9,Betano,3.9,1.91,2.0418848167539267
Udinese vs Pisa,Christian Kabasele,Over 2.5,Spillers samlede antal tacklinger | Christian Kabasele,3.2,6.5,,Expekt,6.5,3.2,2.03125
Villarreal vs Alaves,Ayoze Perez,Over 2.5,Spillers samlede antal tacklinger | Ayoze Perez,3.2,6.5,,Expekt,6.5,3.2,2.03125
Valencia vs Elche,Arnaut Danjuma,Over 1.5,Antal afslutninger på mål | Arnaut Danjuma,,4.2,2.07,Expekt,4.2,2.07,2.028985507246377
Real Oviedo vs Real Betis,Ilyas Chaira,Over 0.5,Spillers samlede antal assister | Ilyas Chaira,,7.0,3.45,Expekt,7.0,3.45,2.0289855072463765
Valencia vs Elche,David Otorbi,Over 0.5,Spillers samlede antal assister | David Otorbi,2.6667,,5.4,Betano,5.4,2.6667,2.0249746878164023
Egypten vs Elfenbenskysten,Mohamed Salah,Over 3.5,Spillers samlede antal skud | Mohamed Salah,,2.3,4.65,Betano,4.65,2.3,2.0217391304347827
Rayo Vallecano vs Mallorca,Carlos Martin,Over 3.5,Spillers samlede antal skud | Carlos Martin,1.875,3.75,,Expekt,3.75,1.875,2.0
Udinese vs Pisa,Matteo Tramoni,Over 3.5,Spillers samlede antal skud | Matteo Tramoni,3.0,6.0,,Expekt,6.0,3.0,2.0
Villarreal vs Alaves,Calebe,Over 2.5,Spillers samlede antal tacklinger | Calebe,2.0,4.0,,Expekt,4.0,2.0,2.0
Girona vs Ca Osasuna,Cristhian Stuani,Yes,Spiller får kort | Cristhian Stuani,,2.62,5.2,Betano,5.2,2.62,1.984732824427481
Atalanta vs Torino,Kamaldeen Sulemana,Over 3.5,Spillers samlede antal skud | Kamaldeen Sulemana,,2.88,5.7,Betano,5.7,2.88,1.9791666666666667
Egypten vs Elfenbenskysten,Ghislain Konan,Over 1.5,Spillers samlede antal skud | Ghislain Konan,,3.4,6.7,Betano,6.7,3.4,1.9705882352941178
Valencia vs Elche,Ruben Iranzo,Over 1.5,Spillers samlede antal skud | Ruben Iranzo,3.4,,6.7,Betano,6.7,3.4,1.9705882352941178
Atalanta vs Torino,Charles De Ketelaere,Over 4.5,Spillers samlede antal skud | Charles De Ketelaere,,3.1,6.1,Betano,6.1,3.1,1.9677419354838708
Levante vs Espanyol,Jose Morales,Over 3.5,Spillers samlede antal skud | Jose Morales,3.1,,6.1,Betano,6.1,3.1,1.9677419354838708
Levante vs Espanyol,Kareem Tunde,Over 0.5,Spillers samlede antal assister | Kareem Tunde,3.1,,6.1,Betano,6.1,3.1,1.9677419354838708
Villarreal vs Alaves,Ismael Sierra,Over 1.5,Spillers samlede antal skud | Ismael Sierra,3.0,,5.9,Betano,5.9,3.0,1.9666666666666668
Levante vs Espanyol,Roberto Fernandez,Yes,Spiller får kort | Roberto Fernandez,2.8,5.5,,Expekt,5.5,2.8,1.9642857142857144
Udinese vs Pisa,Samuele Angori,Over 1.5,Spillers samlede antal skud | Samuele Angori,2.8,5.5,,Expekt,5.5,2.8,1.9642857142857144
Villarreal vs Alaves,Nicolas Pepe,Over 3.5,Spillers samlede antal skud | Nicolas Pepe,1.85,2.4,4.7,Betano,4.7,2.4,1.9583333333333335
Atalanta vs Torino,Zakaria Aboukhlal,Over 2.5,Spillers samlede antal tacklinger | Zakaria Aboukhlal,1.96,3.8,,Expekt,3.8,1.96,1.9387755102040816
Udinese vs Pisa,Alessandro Zanoli,Over 1.5,Spillers samlede antal skud | Alessandro Zanoli,2.9,1.5,,Betinia,2.9,1.5,1.9333333333333333
Girona vs Ca Osasuna,Ivan Martin,Over 1.5,Spillers samlede antal skud | Ivan Martin,,4.0,2.07,Expekt,4.0,2.07,1.9323671497584543
Egypten vs Elfenbenskysten,Oumar Diakite,Over 2.5,Spillers samlede antal skud | Oumar Diakite,,2.2,4.25,Betano,4.25,2.2,1.9318181818181817
Algeriet vs Nigeria,Monsef Bakrar,Over 3.5,Spillers samlede antal skud | Monsef Bakrar,,2.05,3.95,Betano,3.95,2.05,1.926829268292683
Girona vs Ca Osasuna,Thomas Lemar,Over 2.5,Spillers samlede antal skud | Thomas Lemar,,2.05,3.95,Betano,3.95,2.05,1.926829268292683
Atalanta vs Torino,Marco Brescianini,Over 1.5,Spillers samlede antal skud | Marco Brescianini,1.2308,,2.37,Betano,2.37,1.2308,1.9255768605784858
Algeriet vs Nigeria,Alex Iwobi,Over 2.5,Spillers samlede antal skud | Alex Iwobi,,2.38,4.55,Betano,4.55,2.38,1.911764705882353
Algeriet vs Nigeria,Cyriel Dessers,Over 3.5,Spillers samlede antal skud | Cyriel Dessers,,2.88,5.5,Betano,5.5,2.88,1.9097222222222223
Egypten vs Elfenbenskysten,Jean-Philippe Krasso,Over 3.5,Spillers samlede antal skud | Jean-Philippe Krasso,,2.4,4.55,Betano,4.55,2.4,1.8958333333333333
Como 1907 vs Bologna,Nicolo Cambiaghi,Over 0.5,Spillers samlede antal assister | Nicolo Cambiaghi,,6.5,3.45,Expekt,6.5,3.45,1.8840579710144927
Real Oviedo vs Real Betis,Omar Falah,Over 0.5,Antal afslutninger på mål | Omar Falah,3.4,,6.4,Betano,6.4,3.4,1.8823529411764708
Real Oviedo vs Real Betis,Cedric Bakambu,Over 1.5,Spillers samlede antal tacklinger | Cedric Bakambu,3.6667,1.95,,Betinia,3.6667,1.95,1.8803589743589744
Atalanta vs Torino,Marco Brescianini,Over 0.5,Antal afslutninger på mål | Marco Brescianini,1.4546,,2.72,Betano,2.72,1.4546,1.8699298776295892
Valencia vs Elche,Rafa Mir,Over 1.5,Spillers samlede antal tacklinger | Rafa Mir,4.2,2.25,,Betinia,4.2,2.25,1.8666666666666667
Levante vs Espanyol,Goduine Koyalipou,Over 3.5,Spillers samlede antal skud | Goduine Koyalipou,,3.0,5.6,Betano,5.6,3.0,1.8666666666666665
Real Oviedo vs Real Betis,Natan,Over 2.5,Spillers samlede antal tacklinger | Natan,3.5,6.5,,Expekt,6.5,3.5,1.8571428571428572
Udinese vs Pisa,Matteo Tramoni,Over 1.5,Antal afslutninger på mål | Matteo Tramoni,3.5,6.5,,Expekt,6.5,3.5,1.8571428571428572
Real Oviedo vs Real Betis,Alberto Reina,Over 1.5,Spillers samlede antal skud | Alberto Reina,1.68,,3.1,Betano,3.1,1.68,1.8452380952380953
Villarreal vs Alaves,Tani Oluwaseyi,Over 4.5,Spillers samlede antal skud | Tani Oluwaseyi,3.1,2.88,5.7,Betano,5.7,3.1,1.8387096774193548
Levante vs Espanyol,Tyrhys Dolan,Yes,Spiller får kort | Tyrhys Dolan,3.0,5.5,,Expekt,5.5,3.0,1.8333333333333333
Udinese vs Pisa,Sandi Lovric,Over 0.5,Spillers samlede antal assister | Sandi Lovric,3.0,5.5,,Expekt,5.5,3.0,1.8333333333333333
Como 1907 vs Bologna,Alberto Cerri,Over 3.5,Spillers samlede antal skud | Alberto Cerri,,2.62,4.8,Betano,4.8,2.62,1.83206106870229
Villarreal vs Alaves,Jon Pacheco,Over 2.5,Spillers samlede antal tacklinger | Jon Pacheco,2.3,4.2,,Expekt,4.2,2.3,1.8260869565217392
Egypten vs Elfenbenskysten,Evann Guessand,Over 2.5,Spillers samlede antal skud | Evann Guessand,,1.62,2.95,Betano,2.95,1.62,1.8209876543209877
Real Oviedo vs Real Betis,David Costas,Over 2.5,Spillers samlede antal tacklinger | David Costas,2.75,5.0,,Expekt,5.0,2.75,1.8181818181818181
Udinese vs Pisa,Stefano Moreo,Over 2.5,Spillers samlede antal skud | Stefano Moreo,2.2,4.0,,Expekt,4.0,2.2,1.8181818181818181
Como 1907 vs Bologna,Maxence Caqueret,Over 1.5,Spillers samlede antal skud | Maxence Caqueret,,1.5,2.72,Betano,2.72,1.5,1.8133333333333335
Algeriet vs Nigeria,Ademola Lookman,Over 3.5,Spillers samlede antal skud | Ademola Lookman,,2.05,3.7,Betano,3.7,2.05,1.804878048780488
Levante vs Espanyol,Jose Salinas,Over 1.5,Spillers samlede antal skud | Jose Salinas,2.0,3.6,,Expekt,3.6,2.0,1.8
Rayo Vallecano vs Mallorca,Pedro Diaz,Over 3.5,Spillers samlede antal skud | Pedro Diaz,3.0,,5.4,Betano,5.4,3.0,1.8
Atalanta vs Torino,Cyril Ngonge,Over 2.5,Spillers samlede antal tacklinger | Cyril Ngonge,3.3334,6.0,,Expekt,6.0,3.3334,1.7999640007199855
Real Oviedo vs Real Betis,Josip Brekalo,Over 2.5,Spillers samlede antal tacklinger | Josip Brekalo,3.3334,6.0,,Expekt,6.0,3.3334,1.7999640007199855
Valencia vs Elche,Adria Pedrosa,Over 1.5,Spillers samlede antal skud | Adria Pedrosa,3.5,1.95,,Betinia,3.5,1.95,1.794871794871795
Udinese vs Pisa,Mehdi Leris,Yes,Spiller får kort | Mehdi Leris,2.8,5.0,,Expekt,5.0,2.8,1.7857142857142858
Atalanta vs Torino,Nikola Krstovic,Over 1.5,Spillers samlede antal tacklinger | Nikola Krstovic,3.1,5.5,,Expekt,5.5,3.1,1.7741935483870968
Levante vs Espanyol,Luca Koleosho,Over 0.5,Spillers samlede antal assister | Luca Koleosho,3.1,,5.5,Betano,5.5,3.1,1.7741935483870968
Udinese vs Pisa,Jurgen Ekkelenkamp,Over 0.5,Spillers samlede antal assister | Jurgen Ekkelenkamp,3.1,5.5,,Expekt,5.5,3.1,1.7741935483870968
Udinese vs Pisa,Keinan Davis,Over 1.5,Spillers samlede antal tacklinger | Keinan Davis,3.1,5.5,,Expekt,5.5,3.1,1.7741935483870968
Real Oviedo vs Real Betis,Ivan Corralejo,Over 1.5,Antal afslutninger på mål | Ivan Corralejo,3.3334,,5.9,Betano,5.9,3.3334,1.769964600707986
Algeriet vs Nigeria,Ramiz Zerrouki,Over 0.5,Antal afslutninger på mål | Ramiz Zerrouki,,2.6,4.6,Betano,4.6,2.6,1.769230769230769
Levante vs Espanyol,Tyrhys Dolan,Over 0.5,Spillers samlede antal assister | Tyrhys Dolan,3.4,6.0,,Expekt,6.0,3.4,1.7647058823529411
Udinese vs Pisa,Gabriele Piccinini,Yes,Spiller får kort | Gabriele Piccinini,3.4,6.0,,Expekt,6.0,3.4,1.7647058823529411
Egypten vs Elfenbenskysten,Emmanuel Agbadou,Over 0.5,Antal afslutninger på mål | Emmanuel Agbadou,,5.0,2.85,Expekt,5.0,2.85,1.7543859649122806
Real Oviedo vs Real Betis,Ivan Corralejo,Yes,Spiller får kort | Ivan Corralejo,2.8,,4.9,Betano,4.9,2.8,1.7500000000000002
Villarreal vs Alaves,Georges Mikautadze,Over 2.5,Spillers samlede antal skud | Georges Mikautadze,,1.2,2.1,Betano,2.1,1.2,1.7500000000000002
Valencia vs Elche,Rodrigo Mendoza,Over 0.5,Antal afslutninger på mål | Rodrigo Mendoza,2.2,,3.85,Betano,3.85,2.2,1.75
Levante vs Espanyol,Pablo Martinez,Over 0.5,Antal afslutninger på mål | Pablo Martinez,1.7143,1.67,3.0,Betano,3.0,1.7143,1.7499854167881934
Villarreal vs Alaves,Juan Foyth,Over 2.5,Spillers samlede antal tacklinger | Juan Foyth,3.3334,1.91,,Betinia,3.3334,1.91,1.745235602094241
Villarreal vs Alaves,Ayoze Perez,Yes,Spiller scorer | Ayoze Perez,1.7778,3.1,,Expekt,3.1,1.7778,1.7437282033974575
Rayo Vallecano vs Mallorca,Pedro Diaz,Yes,Spiller scorer | Pedro Diaz,3.5,,6.1,Betano,6.1,3.5,1.7428571428571427
Levante vs Espanyol,Carlos Romero,Over 0.5,Antal afslutninger på mål | Carlos Romero,2.6,5.0,2.9,Expekt,5.0,2.9,1.7241379310344829
Egypten vs Elfenbenskysten,Osama Faisal,Yes,Spiller får kort | Osama Faisal,,3.2,5.5,Betano,5.5,3.2,1.71875
Udinese vs Pisa,Kingsley Ehizibue,Yes,Spiller får kort | Kingsley Ehizibue,3.2,5.5,,Expekt,5.5,3.2,1.71875
Udinese vs Pisa,Arthur Atta,Yes,Spiller får kort | Arthur Atta,3.5,6.0,,Expekt,6.0,3.5,1.7142857142857142
Villarreal vs Alaves,Carles Alena,Over 1.5,Spillers samlede antal skud | Carles Alena,3.6,2.1,,Betinia,3.6,2.1,1.7142857142857142
Como 1907 vs Bologna,Maxence Caqueret,Over 0.5,Antal afslutninger på mål | Maxence Caqueret,,1.67,2.85,Betano,2.85,1.67,1.7065868263473054
Atalanta vs Torino,Charles De Ketelaere,Over 3.5,Spillers samlede antal skud | Charles De Ketelaere,,1.91,3.25,Betano,3.25,1.91,1.7015706806282722
Villarreal vs Alaves,Tajon Buchanan,Over 2.5,Spillers samlede antal skud | Tajon Buchanan,2.0,2.0,3.4,Betano,3.4,2.0,1.7
Valencia vs Elche,Largie Ramazani,Yes,Spiller får kort | Largie Ramazani,2.8572,3.3,5.6,Betano,5.6,3.3,1.696969696969697
Rayo Vallecano vs Mallorca,Pedro Diaz,Over 0.5,Antal afslutninger på mål | Pedro Diaz,1.68,,2.85,Betano,2.85,1.68,1.6964285714285716
Algeriet vs Nigeria,Ebenezer Akinsanmiro,Over 1.5,Spillers samlede antal skud | Ebenezer Akinsanmiro,,1.83,3.1,Betano,3.1,1.83,1.6939890710382512
Como 1907 vs Bologna,Ivan Smolcic,Yes,Spiller får kort | Ivan Smolcic,,3.8,2.25,Expekt,3.8,2.25,1.6888888888888889
Egypten vs Elfenbenskysten,Mohamed Salah,Over 1.5,Antal afslutninger på mål | Mohamed Salah,,3.2,5.4,Betano,5.4,3.2,1.6875
Real Oviedo vs Real Betis,Ivan Corralejo,Over 2.5,Spillers samlede antal skud | Ivan Corralejo,1.75,,2.95,Betano,2.95,1.75,1.6857142857142857
Valencia vs Elche,Adam Boayar,Yes,Spiller får kort | Adam Boayar,3.1,,5.2,Betano,5.2,3.1,1.6774193548387097
Valencia vs Elche,Lucas Nunez,Over 1.5,Spillers samlede antal skud | Lucas Nunez,1.85,,3.1,Betano,3.1,1.85,1.6756756756756757
Atalanta vs Torino,Saba Sazonov,Yes,Spiller får kort | Saba Sazonov,3.0,2.62,5.0,Betano,5.0,3.0,1.6666666666666667
Como 1907 vs Bologna,Santiago Castro,Yes,Spiller får kort | Santiago Castro,,2.88,4.8,Betano,4.8,2.88,1.6666666666666667
Girona vs Ca Osasuna,Ruben Garcia,Over 0.5,Spillers samlede antal assister | Ruben Garcia,,5.5,3.3,Expekt,5.5,3.3,1.6666666666666667
Valencia vs Elche,David Affengruber,Yes,Spiller får kort | David Affengruber,3.0,5.0,2.07,Expekt,5.0,3.0,1.6666666666666667
Girona vs Ca Osasuna,Jon Moncayola,Over 1.5,Spillers samlede antal skud | Jon Moncayola,,2.1,3.5,Betano,3.5,2.1,1.6666666666666665
Udinese vs Pisa,Matteo Tramoni,Over 2.5,Spillers samlede antal skud | Matteo Tramoni,1.8,3.0,,Expekt,3.0,1.8,1.6666666666666665
Villarreal vs Alaves,Aitor Manas,Yes,Spiller får kort | Aitor Manas,2.8572,,4.75,Betano,4.75,2.8572,1.6624667506649866
Villarreal vs Alaves,Carlos Ballestero,Yes,Spiller får kort | Carlos Ballestero,2.7143,4.5,,Expekt,4.5,2.7143,1.6578860111262572
Atalanta vs Torino,Ivan Ilic,Yes,Spiller får kort | Ivan Ilic,2.5455,4.2,,Expekt,4.2,2.5455,1.6499705362404242
Atalanta vs Torino,Kamaldeen Sulemana,Over 2.5,Spillers samlede antal skud | Kamaldeen Sulemana,,1.73,2.85,Betano,2.85,1.73,1.647398843930636
Villarreal vs Alaves,Juan Foyth,Over 1.5,Spillers samlede antal tacklinger | Juan Foyth,2.125,1.29,,Betinia,2.125,1.29,1.6472868217054264
Egypten vs Elfenbenskysten,Bazoumana Toure,Over 2.5,Spillers samlede antal skud | Bazoumana Toure,,2.25,3.7,Betano,3.7,2.25,1.6444444444444446
Rayo Vallecano vs Mallorca,David Lopez,Yes,Spiller får kort | David Lopez,2.75,4.5,,Expekt,4.5,2.75,1.6363636363636365
Girona vs Ca Osasuna,Cristhian Stuani,Over 3.5,Spillers samlede antal skud | Cristhian Stuani,,3.2,5.2,Betano,5.2,3.2,1.625
Levante vs Espanyol,Adrian De La Fuente,Over 1.5,Spillers samlede antal skud | Adrian De La Fuente,,3.2,5.2,Betano,5.2,3.2,1.625
Levante vs Espanyol,Pablo Martinez,Over 1.5,Spillers samlede antal skud | Pablo Martinez,1.2223,1.4,2.27,Betano,2.27,1.4,1.6214285714285714
Como 1907 vs Bologna,Nicolo Cambiaghi,Over 2.5,Spillers samlede antal skud | Nicolo Cambiaghi,,3.4,5.5,Betano,5.5,3.4,1.6176470588235294
Levante vs Espanyol,Alan Matturro,Yes,Spiller får kort | Alan Matturro,3.4,5.5,3.4,Expekt,5.5,3.4,1.6176470588235294
Real Oviedo vs Real Betis,Luka Ilic,Yes,Spiller får kort | Luka Ilic,3.0,5.5,3.4,Expekt,5.5,3.4,1.6176470588235294
Villarreal vs Alaves,Alfonso Pedraza,Over 0.5,Spillers samlede antal assister | Alfonso Pedraza,3.2,5.5,3.4,Expekt,5.5,3.4,1.6176470588235294
Villarreal vs Alaves,Alberto Moleiro,Over 3.5,Spillers samlede antal skud | Alberto Moleiro,1.6471,2.6,4.2,Betano,4.2,2.6,1.6153846153846154
Egypten vs Elfenbenskysten,Mohamed Salah,Over 2.5,Spillers samlede antal skud | Mohamed Salah,,1.5,2.42,Betano,2.42,1.5,1.6133333333333333
Como 1907 vs Bologna,Maxence Caqueret,Over 0.5,Spillers samlede antal assister | Maxence Caqueret,,5.0,3.1,Expekt,5.0,3.1,1.6129032258064515
Levante vs Espanyol,Leandro Cabrera,Over 1.5,Spillers samlede antal skud | Leandro Cabrera,3.1,5.0,2.67,Expekt,5.0,3.1,1.6129032258064515
Algeriet vs Nigeria,Ilan Kebbal,Over 1.5,Spillers samlede antal skud | Ilan Kebbal,,1.4,2.25,Betano,2.25,1.4,1.6071428571428572
Atalanta vs Torino,Charles De Ketelaere,Over 0.5,Spillers samlede antal assister | Charles De Ketelaere,,4.5,2.8,Expekt,4.5,2.8,1.6071428571428572
Egypten vs Elfenbenskysten,Ibrahim Sangare,Over 1.5,Spillers samlede antal skud | Ibrahim Sangare,,3.25,5.2,Betano,5.2,3.25,1.6
Egypten vs Elfenbenskysten,Jean-Philippe Gbamin,Over 1.5,Spillers samlede antal skud | Jean-Philippe Gbamin,,3.25,5.2,Betano,5.2,3.25,1.6
Udinese vs Pisa,Lennon Miller,Over 2.5,Spillers samlede antal skud | Lennon Miller,2.5,4.0,,Expekt,4.0,2.5,1.6
Levante vs Espanyol,Antoniu Roca,Over 2.5,Spillers samlede antal skud | Antoniu Roca,2.75,4.5,2.82,Expekt,4.5,2.82,1.595744680851064
Atalanta vs Torino,Kamaldeen Sulemana,Over 1.5,Antal afslutninger på mål | Kamaldeen Sulemana,,3.2,5.1,Betano,5.1,3.2,1.5937499999999998
Udinese vs Pisa,Arturo Calabresi,Over 0.5,Spillers samlede antal skud | Arturo Calabresi,3.1,1.95,,Betinia,3.1,1.95,1.5897435897435899
Real Oviedo vs Real Betis,Nacho Vidal,Over 1.5,Spillers samlede antal skud | Nacho Vidal,,3.4,5.4,Betano,5.4,3.4,1.5882352941176472
Valencia vs Elche,Daniel Raba,Over 3.5,Spillers samlede antal skud | Daniel Raba,2.3637,3.75,,Expekt,3.75,2.3637,1.5864957481913948
Real Oviedo vs Real Betis,Ivan Corralejo,Yes,Spiller scorer | Ivan Corralejo,3.0,,4.75,Betano,4.75,3.0,1.5833333333333333
Algeriet vs Nigeria,Cyriel Dessers,Over 2.5,Spillers samlede antal skud | Cyriel Dessers,,1.75,2.77,Betano,2.77,1.75,1.582857142857143
Villarreal vs Alaves,Nicolas Pepe,Over 2.5,Spillers samlede antal skud | Nicolas Pepe,1.32,1.53,2.42,Betano,2.42,1.53,1.5816993464052287
Como 1907 vs Bologna,Alberto Moreno,Over 0.5,Antal afslutninger på mål | Alberto Moreno,,4.5,2.85,Expekt,4.5,2.85,1.5789473684210527
Valencia vs Elche,Lucas Nunez,Over 0.5,Antal afslutninger på mål | Lucas Nunez,1.9,,3.0,Betano,3.0,1.9,1.5789473684210527
Egypten vs Elfenbenskysten,Mahmoud Saber,Over 1.5,Spillers samlede antal skud | Mahmoud Saber,,2.0,3.15,Betano,3.15,2.0,1.575
Villarreal vs Alaves,Mariano Diaz,Yes,Spiller får kort | Mariano Diaz,2.8572,,4.5,Betano,4.5,2.8572,1.5749685006299874
Valencia vs Elche,Daniel Raba,Over 1.5,Antal afslutninger på mål | Daniel Raba,2.75,4.33,,Expekt,4.33,2.75,1.5745454545454545
Levante vs Espanyol,Pablo Martinez,Yes,Spiller får kort | Pablo Martinez,2.8,5.5,3.5,Expekt,5.5,3.5,1.5714285714285714
Udinese vs Pisa,Hassane Kamara,Yes,Spiller får kort | Hassane Kamara,3.5,5.5,,Expekt,5.5,3.5,1.5714285714285714
Valencia vs Elche,Ali Houary,Over 2.5,Spillers samlede antal skud | Ali Houary,3.5,5.5,2.82,Expekt,5.5,3.5,1.5714285714285714
Valencia vs Elche,Daniel Raba,Over 2.5,Spillers samlede antal tacklinger | Daniel Raba,3.5,5.5,,Expekt,5.5,3.5,1.5714285714285714
Villarreal vs Alaves,Sergi Cardona,Over 0.5,Spillers samlede antal assister | Sergi Cardona,,5.5,3.5,Expekt,5.5,3.5,1.5714285714285714
Levante vs Espanyol,Jose Morales,Over 2.5,Spillers samlede antal skud | Jose Morales,1.85,,2.9,Betano,2.9,1.85,1.5675675675675675
Levante vs Espanyol,Kervin Arriaga,Over 1.5,Spillers samlede antal skud | Kervin Arriaga,,3.0,4.7,Betano,4.7,3.0,1.5666666666666667
Villarreal vs Alaves,Tani Oluwaseyi,Over 3.5,Spillers samlede antal skud | Tani Oluwaseyi,1.95,1.8,3.05,Betano,3.05,1.95,1.564102564102564
Como 1907 vs Bologna,Alberto Cerri,Over 1.5,Antal afslutninger på mål | Alberto Cerri,,2.75,4.3,Betano,4.3,2.75,1.5636363636363635
Levante vs Espanyol,Leandro Cabrera,Over 0.5,Antal afslutninger på mål | Leandro Cabrera,3.2,5.0,2.6,Expekt,5.0,3.2,1.5625
Udinese vs Pisa,Matteo Palma,Over 0.5,Antal afslutninger på mål | Matteo Palma,3.2,5.0,,Expekt,5.0,3.2,1.5625
Valencia vs Elche,Cesar Tarrega,Over 2.5,Spillers samlede antal tacklinger | Cesar Tarrega,3.2,5.0,,Expekt,5.0,3.2,1.5625
Atalanta vs Torino,Gvidas Gineitis,Yes,Spiller får kort | Gvidas Gineitis,3.4,3.0,5.3,Betano,5.3,3.4,1.5588235294117647
Levante vs Espanyol,Goduine Koyalipou,Over 2.5,Spillers samlede antal skud | Goduine Koyalipou,,1.75,2.72,Betano,2.72,1.75,1.5542857142857145
Egypten vs Elfenbenskysten,Salah Mohsen,Over 3.5,Spillers samlede antal skud | Salah Mohsen,,2.8,4.35,Betano,4.35,2.8,1.5535714285714286
Udinese vs Pisa,Mehdi Leris,Over 2.5,Spillers samlede antal tacklinger | Mehdi Leris,1.2308,1.91,,Expekt,1.91,1.2308,1.5518362040948976
Egypten vs Elfenbenskysten,Jean-Philippe Krasso,Over 2.5,Spillers samlede antal skud | Jean-Philippe Krasso,,1.53,2.37,Betano,2.37,1.53,1.5490196078431373
Levante vs Espanyol,Jose Salinas,Over 0.5,Antal afslutninger på mål | Jose Salinas,2.4546,3.8,,Expekt,3.8,2.4546,1.5481137456204674
Rayo Vallecano vs Mallorca,Carlos Martin,Over 1.5,Antal afslutninger på mål | Carlos Martin,2.7143,4.2,,Expekt,4.2,2.7143,1.5473602770511734
Atalanta vs Torino,Mario Pasalic,Over 0.5,Spillers samlede antal assister | Mario Pasalic,2.8,4.33,,Expekt,4.33,2.8,1.5464285714285715
Rayo Vallecano vs Mallorca,Samu Becerra,Yes,Spiller får kort | Samu Becerra,2.75,,4.25,Betano,4.25,2.75,1.5454545454545454
Valencia vs Elche,Aimar Blazquez,Yes,Spiller scorer | Aimar Blazquez,2.75,,4.25,Betano,4.25,2.75,1.5454545454545454
Villarreal vs Alaves,Nicolas Pepe,Over 1.5,Antal afslutninger på mål | Nicolas Pepe,2.1,2.88,4.45,Betano,4.45,2.88,1.545138888888889
Como 1907 vs Bologna,Alberto Cerri,Over 2.5,Spillers samlede antal skud | Alberto Cerri,,1.62,2.5,Betano,2.5,1.62,1.5432098765432098
Villarreal vs Alaves,Tani Oluwaseyi,Over 0.5,Spillers samlede antal assister | Tani Oluwaseyi,1.6471,3.5,5.4,Betano,5.4,3.5,1.542857142857143
Algeriet vs Nigeria,Victor Osimhen,Yes,Spiller får kort | Victor Osimhen,,4.5,2.92,Expekt,4.5,2.92,1.5410958904109588
Levante vs Espanyol,Kareem Tunde,Over 1.5,Spillers samlede antal skud | Kareem Tunde,1.4167,,2.18,Betano,2.18,1.4167,1.5387873226512319
Como 1907 vs Bologna,Riccardo Orsolini,Over 1.5,Antal afslutninger på mål | Riccardo Orsolini,,5.0,3.25,Expekt,5.0,3.25,1.5384615384615385
Egypten vs Elfenbenskysten,Mohanad Lasheen,Yes,Spiller får kort | Mohanad Lasheen,,5.0,3.25,Expekt,5.0,3.25,1.5384615384615385
Algeriet vs Nigeria,Monsef Bakrar,Over 2.5,Spillers samlede antal skud | Monsef Bakrar,,1.4,2.15,Betano,2.15,1.4,1.5357142857142858
Levante vs Espanyol,Diego Pampin,Over 0.5,Spillers samlede antal skud | Diego Pampin,1.4546,1.5,2.3,Betano,2.3,1.5,1.5333333333333332
Valencia vs Elche,Ruben Iranzo,Over 0.5,Antal afslutninger på mål | Ruben Iranzo,3.2,,4.9,Betano,4.9,3.2,1.53125
Valencia vs Elche,Alvaro Nunez,Over 0.5,Spillers samlede antal skud | Alvaro Nunez,1.5834,1.5,2.42,Betano,2.42,1.5834,1.528356700770494
Rayo Vallecano vs Mallorca,Alfonso Espino,Over 0.5,Spillers samlede antal skud | Alfonso Espino,,1.06,1.62,Betano,1.62,1.06,1.528301886792453
Villarreal vs Alaves,Calebe,Over 1.5,Spillers samlede antal tacklinger | Calebe,1.25,1.91,,Expekt,1.91,1.25,1.528
Real Oviedo vs Real Betis,Giovani Lo Celso,Yes,Spiller scorer | Giovani Lo Celso,,4.5,2.95,Expekt,4.5,2.95,1.5254237288135593
Atalanta vs Torino,Lazar Samardzic,Over 0.5,Spillers samlede antal assister | Lazar Samardzic,2.3,3.5,,Expekt,3.5,2.3,1.5217391304347827
Algeriet vs Nigeria,Chidozie Awaziem,Yes,Spiller får kort | Chidozie Awaziem,,3.0,4.55,Betano,4.55,3.0,1.5166666666666666
Como 1907 vs Bologna,Ciro Immobile,Over 1.5,Spillers samlede antal skud | Ciro Immobile,,1.22,1.85,Betano,1.85,1.22,1.5163934426229508
Rayo Vallecano vs Mallorca,David Lopez,Over 0.5,Spillers samlede antal skud | David Lopez,1.9,2.88,,Expekt,2.88,1.9,1.5157894736842106
Valencia vs Elche,German Valera,Over 2.5,Spillers samlede antal tacklinger | German Valera,2.375,3.6,,Expekt,3.6,2.375,1.5157894736842106
Egypten vs Elfenbenskysten,Mohamed Hany,Yes,Spiller får kort | Mohamed Hany,,5.0,3.3,Expekt,5.0,3.3,1.5151515151515151
Rayo Vallecano vs Mallorca,Carlos Martin,Over 2.5,Spillers samlede antal skud | Carlos Martin,1.32,2.0,,Expekt,2.0,1.32,1.5151515151515151
Algeriet vs Nigeria,Alex Iwobi,Over 1.5,Spillers samlede antal skud | Alex Iwobi,,1.4,2.12,Betano,2.12,1.4,1.5142857142857145
Algeriet vs Nigeria,Ilan Kebbal,Over 0.5,Antal afslutninger på mål | Ilan Kebbal,,1.6,2.42,Betano,2.42,1.6,1.5125
Rayo Vallecano vs Mallorca,Pedro Diaz,Over 2.5,Spillers samlede antal skud | Pedro Diaz,1.8,,2.72,Betano,2.72,1.8,1.511111111111111
Como 1907 vs Bologna,Emil Holm,Over 0.5,Antal afslutninger på mål | Emil Holm,,3.25,4.9,Betano,4.9,3.25,1.5076923076923079
Egypten vs Elfenbenskysten,Oumar Diakite,Over 1.5,Spillers samlede antal skud | Oumar Diakite,,1.36,2.05,Betano,2.05,1.36,1.5073529411764703
Algeriet vs Nigeria,Ramiz Zerrouki,Over 0.5,Spillers samlede antal skud | Ramiz Zerrouki,,1.25,1.88,Betano,1.88,1.25,1.504
Valencia vs Elche,Andre Almeida,Over 2.5,Spillers samlede antal tacklinger | Andre Almeida,2.8,4.2,,Expekt,4.2,2.8,1.5000000000000002
Villarreal vs Alaves,Ismael Sierra,Yes,Spiller får kort | Ismael Sierra,2.8,,4.2,Betano,4.2,2.8,1.5000000000000002
Algeriet vs Nigeria,Cyriel Dessers,Over 1.5,Antal afslutninger på mål | Cyriel Dessers,,3.0,4.5,Betano,4.5,3.0,1.5
Algeriet vs Nigeria,Paul Onuachu,Over 3.5,Spillers samlede antal skud | Paul Onuachu,,2.1,3.15,Betano,3.15,2.1,1.5
Egypten vs Elfenbenskysten,Mahmoud Saber,Over 0.5,Antal afslutninger på mål | Mahmoud Saber,,2.0,3.0,Betano,3.0,2.0,1.5
Girona vs Ca Osasuna,Thomas Lemar,Over 1.5,Spillers samlede antal skud | Thomas Lemar,,1.3,1.95,Betano,1.95,1.3,1.5
Levante vs Espanyol,Carlos Romero,Over 1.5,Spillers samlede antal skud | Carlos Romero,2.5,3.75,2.5,Expekt,3.75,2.5,1.5
Levante vs Espanyol,Javi Puado,Yes,Spiller scorer | Javi Puado,3.0,4.5,2.87,Expekt,4.5,3.0,1.5
Rayo Vallecano vs Mallorca,Carlos Martin,Yes,Spiller scorer | Carlos Martin,3.0,4.5,,Expekt,4.5,3.0,1.5
Udinese vs Pisa,Keinan Davis,Over 4.5,Spillers samlede antal skud | Keinan Davis,3.0,4.5,,Expekt,4.5,3.0,1.5
