event,player,selectionLabel,odds_decimal,status_selection,marketLabel,deadline
Arsenal vs Liverpool,Alexis Mac Allister,Over 0.5,1.22,Open,Spiller Frispark Begået | Alexis Mac Allister,2026-01-08T20:00:00Z
Arsenal vs Liverpool,Alexis Mac Allister,Over 1.5,2.05,Open,Spiller Frispark Begået | Alexis Mac Allister,2026-01-08T20:00:00Z
Arsenal vs Liverpool,Alexis Mac Allister,Over 2.5,4.0,Open,Spiller Frispark Begået | Alexis Mac Allister,2026-01-08T20:00:00Z
Arsenal vs Liverpool,Amara Nallo,Over 0.5,1.35,Open,Spiller Frispark Begået | Amara Nallo,2026-01-08T20:00:00Z
Arsenal vs Liverpool,Amara Nallo,Over 1.5,2.65,Open,Spiller Frispark Begået | Amara Nallo,2026-01-08T20:00:00Z
Arsenal vs Liverpool,Amara Nallo,Over 2.5,6.0,Open,Spiller Frispark Begået | Amara Nallo,2026-01-08T20:00:00Z
Arsenal vs Liverpool,Andre HarrimanAnnous,Over 0.5,1.35,Open,Spiller Frispark Begået | Andre HarrimanAnnous,2026-01-08T20:00:00Z
Arsenal vs Liverpool,Andre HarrimanAnnous,Over 1.5,2.65,Open,Spiller Frispark Begået | Andre HarrimanAnnous,2026-01-08T20:00:00Z
Arsenal vs Liverpool,Andre HarrimanAnnous,Over 2.5,6.0,Open,Spiller Frispark Begået | Andre HarrimanAnnous,2026-01-08T20:00:00Z
Arsenal vs Liverpool,Andrew Robertson,Over 0.5,1.65,Open,Spiller Frispark Begået | Andrew Robertson,2026-01-08T20:00:00Z
Arsenal vs Liverpool,Andrew Robertson,Over 1.5,4.0,Open,Spiller Frispark Begået | Andrew Robertson,2026-01-08T20:00:00Z
Arsenal vs Liverpool,Ben White,Over 0.5,1.48,Open,Spiller Frispark Begået | Ben White,2026-01-08T20:00:00Z
Arsenal vs Liverpool,Ben White,Over 1.5,3.2,Open,Spiller Frispark Begået | Ben White,2026-01-08T20:00:00Z
Arsenal vs Liverpool,Bukayo Saka,Over 0.5,1.35,Open,Spiller Frispark Begået | Bukayo Saka,2026-01-08T20:00:00Z
Arsenal vs Liverpool,Bukayo Saka,Over 1.5,2.65,Open,Spiller Frispark Begået | Bukayo Saka,2026-01-08T20:00:00Z
Arsenal vs Liverpool,Bukayo Saka,Over 2.5,6.0,Open,Spiller Frispark Begået | Bukayo Saka,2026-01-08T20:00:00Z
Arsenal vs Liverpool,Calvin Ramsay,Over 0.5,1.4,Open,Spiller Frispark Begået | Calvin Ramsay,2026-01-08T20:00:00Z
Arsenal vs Liverpool,Calvin Ramsay,Over 1.5,2.75,Open,Spiller Frispark Begået | Calvin Ramsay,2026-01-08T20:00:00Z
Arsenal vs Liverpool,Carter Pinnington,Over 0.5,1.35,Open,Spiller Frispark Begået | Carter Pinnington,2026-01-08T20:00:00Z
Arsenal vs Liverpool,Carter Pinnington,Over 1.5,2.65,Open,Spiller Frispark Begået | Carter Pinnington,2026-01-08T20:00:00Z
Arsenal vs Liverpool,Carter Pinnington,Over 2.5,6.0,Open,Spiller Frispark Begået | Carter Pinnington,2026-01-08T20:00:00Z
Arsenal vs Liverpool,Charles Sagoe Jr,Over 0.5,1.65,Open,Spiller Frispark Begået | Charles Sagoe Jr,2026-01-08T20:00:00Z
Arsenal vs Liverpool,Charles Sagoe Jr,Over 1.5,3.9,Open,Spiller Frispark Begået | Charles Sagoe Jr,2026-01-08T20:00:00Z
Arsenal vs Liverpool,Christian Nørgaard,Over 0.5,1.14,Open,Spiller Frispark Begået | Christian Nørgaard,2026-01-08T20:00:00Z
Arsenal vs Liverpool,Christian Nørgaard,Over 1.5,1.75,Open,Spiller Frispark Begået | Christian Nørgaard,2026-01-08T20:00:00Z
Arsenal vs Liverpool,Christian Nørgaard,Over 2.5,3.2,Open,Spiller Frispark Begået | Christian Nørgaard,2026-01-08T20:00:00Z
Arsenal vs Liverpool,Cody Gakpo,Over 0.5,1.27,Open,Spiller Frispark Begået | Cody Gakpo,2026-01-08T20:00:00Z
Arsenal vs Liverpool,Cody Gakpo,Over 1.5,2.25,Open,Spiller Frispark Begået | Cody Gakpo,2026-01-08T20:00:00Z
Arsenal vs Liverpool,Cody Gakpo,Over 2.5,4.75,Open,Spiller Frispark Begået | Cody Gakpo,2026-01-08T20:00:00Z
Arsenal vs Liverpool,Conor Bradley,Over 0.5,1.22,Open,Spiller Frispark Begået | Conor Bradley,2026-01-08T20:00:00Z
Arsenal vs Liverpool,Conor Bradley,Over 1.5,2.05,Open,Spiller Frispark Begået | Conor Bradley,2026-01-08T20:00:00Z
Arsenal vs Liverpool,Conor Bradley,Over 2.5,4.0,Open,Spiller Frispark Begået | Conor Bradley,2026-01-08T20:00:00Z
Arsenal vs Liverpool,Cristhian Mosquera,Over 0.5,2.65,Open,Spiller Frispark Begået | Cristhian Mosquera,2026-01-08T20:00:00Z
Arsenal vs Liverpool,Cristhian Mosquera,Over 1.5,9.0,Open,Spiller Frispark Begået | Cristhian Mosquera,2026-01-08T20:00:00Z
Arsenal vs Liverpool,Curtis Jones,Over 0.5,1.58,Open,Spiller Frispark Begået | Curtis Jones,2026-01-08T20:00:00Z
Arsenal vs Liverpool,Curtis Jones,Over 1.5,3.6,Open,Spiller Frispark Begået | Curtis Jones,2026-01-08T20:00:00Z
Arsenal vs Liverpool,Declan Rice,Over 0.5,1.6,Open,Spiller Frispark Begået | Declan Rice,2026-01-08T20:00:00Z
Arsenal vs Liverpool,Declan Rice,Over 1.5,3.7,Open,Spiller Frispark Begået | Declan Rice,2026-01-08T20:00:00Z
Arsenal vs Liverpool,Dominik Szoboszlai,Over 0.5,1.32,Open,Spiller Frispark Begået | Dominik Szoboszlai,2026-01-08T20:00:00Z
Arsenal vs Liverpool,Dominik Szoboszlai,Over 1.5,2.5,Open,Spiller Frispark Begået | Dominik Szoboszlai,2026-01-08T20:00:00Z
Arsenal vs Liverpool,Dominik Szoboszlai,Over 2.5,5.5,Open,Spiller Frispark Begået | Dominik Szoboszlai,2026-01-08T20:00:00Z
Arsenal vs Liverpool,Eberechi Eze,Over 0.5,1.82,Open,Spiller Frispark Begået | Eberechi Eze,2026-01-08T20:00:00Z
Arsenal vs Liverpool,Eberechi Eze,Over 1.5,4.75,Open,Spiller Frispark Begået | Eberechi Eze,2026-01-08T20:00:00Z
Arsenal vs Liverpool,Ethan Nwaneri,Over 0.5,1.5,Open,Spiller Frispark Begået | Ethan Nwaneri,2026-01-08T20:00:00Z
Arsenal vs Liverpool,Ethan Nwaneri,Over 1.5,3.2,Open,Spiller Frispark Begået | Ethan Nwaneri,2026-01-08T20:00:00Z
Arsenal vs Liverpool,Federico Chiesa,Over 0.5,1.3,Open,Spiller Frispark Begået | Federico Chiesa,2026-01-08T20:00:00Z
Arsenal vs Liverpool,Federico Chiesa,Over 1.5,2.35,Open,Spiller Frispark Begået | Federico Chiesa,2026-01-08T20:00:00Z
Arsenal vs Liverpool,Federico Chiesa,Over 2.5,5.0,Open,Spiller Frispark Begået | Federico Chiesa,2026-01-08T20:00:00Z
Arsenal vs Liverpool,Florian Wirtz,Over 0.5,1.6,Open,Spiller Frispark Begået | Florian Wirtz,2026-01-08T20:00:00Z
Arsenal vs Liverpool,Florian Wirtz,Over 1.5,3.7,Open,Spiller Frispark Begået | Florian Wirtz,2026-01-08T20:00:00Z
Arsenal vs Liverpool,Gabriel Jesus,Over 0.5,1.17,Open,Spiller Frispark Begået | Gabriel Jesus,2026-01-08T20:00:00Z
Arsenal vs Liverpool,Gabriel Jesus,Over 1.5,1.85,Open,Spiller Frispark Begået | Gabriel Jesus,2026-01-08T20:00:00Z
Arsenal vs Liverpool,Gabriel Jesus,Over 2.5,3.5,Open,Spiller Frispark Begået | Gabriel Jesus,2026-01-08T20:00:00Z
Arsenal vs Liverpool,Gabriel Magalhaes,Over 0.5,1.78,Open,Spiller Frispark Begået | Gabriel Magalhaes,2026-01-08T20:00:00Z
Arsenal vs Liverpool,Gabriel Magalhaes,Over 1.5,4.5,Open,Spiller Frispark Begået | Gabriel Magalhaes,2026-01-08T20:00:00Z
Arsenal vs Liverpool,Gabriel Martinelli,Over 0.5,1.78,Open,Spiller Frispark Begået | Gabriel Martinelli,2026-01-08T20:00:00Z
Arsenal vs Liverpool,Gabriel Martinelli,Over 1.5,4.5,Open,Spiller Frispark Begået | Gabriel Martinelli,2026-01-08T20:00:00Z
Arsenal vs Liverpool,Giovanni Leoni,Over 0.5,1.58,Open,Spiller Frispark Begået | Giovanni Leoni,2026-01-08T20:00:00Z
Arsenal vs Liverpool,Giovanni Leoni,Over 1.5,3.6,Open,Spiller Frispark Begået | Giovanni Leoni,2026-01-08T20:00:00Z
Arsenal vs Liverpool,Hugo Ekitike,Over 0.5,1.16,Open,Spiller Frispark Begået | Hugo Ekitike,2026-01-08T20:00:00Z
Arsenal vs Liverpool,Hugo Ekitike,Over 1.5,1.82,Open,Spiller Frispark Begået | Hugo Ekitike,2026-01-08T20:00:00Z
Arsenal vs Liverpool,Hugo Ekitike,Over 2.5,3.4,Open,Spiller Frispark Begået | Hugo Ekitike,2026-01-08T20:00:00Z
Arsenal vs Liverpool,Ibrahima Konate,Over 0.5,1.28,Open,Spiller Frispark Begået | Ibrahima Konate,2026-01-08T20:00:00Z
Arsenal vs Liverpool,Ibrahima Konate,Over 1.5,2.3,Open,Spiller Frispark Begået | Ibrahima Konate,2026-01-08T20:00:00Z
Arsenal vs Liverpool,Ibrahima Konate,Over 2.5,4.75,Open,Spiller Frispark Begået | Ibrahima Konate,2026-01-08T20:00:00Z
Arsenal vs Liverpool,Jayden Danns,Over 0.5,1.45,Open,Spiller Frispark Begået | Jayden Danns,2026-01-08T20:00:00Z
Arsenal vs Liverpool,Jayden Danns,Over 1.5,3.0,Open,Spiller Frispark Begået | Jayden Danns,2026-01-08T20:00:00Z
Arsenal vs Liverpool,Jeremie Frimpong,Over 0.5,1.4,Open,Spiller Frispark Begået | Jeremie Frimpong,2026-01-08T20:00:00Z
Arsenal vs Liverpool,Jeremie Frimpong,Over 1.5,2.75,Open,Spiller Frispark Begået | Jeremie Frimpong,2026-01-08T20:00:00Z
Arsenal vs Liverpool,Joe Gomez,Over 0.5,1.3,Open,Spiller Frispark Begået | Joe Gomez,2026-01-08T20:00:00Z
Arsenal vs Liverpool,Joe Gomez,Over 1.5,2.35,Open,Spiller Frispark Begået | Joe Gomez,2026-01-08T20:00:00Z
Arsenal vs Liverpool,Joe Gomez,Over 2.5,5.0,Open,Spiller Frispark Begået | Joe Gomez,2026-01-08T20:00:00Z
Arsenal vs Liverpool,Josh Nichols,Over 0.5,1.52,Open,Spiller Frispark Begået | Josh Nichols,2026-01-08T20:00:00Z
Arsenal vs Liverpool,Josh Nichols,Over 1.5,3.4,Open,Spiller Frispark Begået | Josh Nichols,2026-01-08T20:00:00Z
Arsenal vs Liverpool,Jurrien Timber,Over 0.5,1.24,Open,Spiller Frispark Begået | Jurrien Timber,2026-01-08T20:00:00Z
Arsenal vs Liverpool,Jurrien Timber,Over 1.5,2.15,Open,Spiller Frispark Begået | Jurrien Timber,2026-01-08T20:00:00Z
Arsenal vs Liverpool,Jurrien Timber,Over 2.5,4.25,Open,Spiller Frispark Begået | Jurrien Timber,2026-01-08T20:00:00Z
Arsenal vs Liverpool,Kai Havertz,Over 0.5,1.18,Open,Spiller Frispark Begået | Kai Havertz,2026-01-08T20:00:00Z
Arsenal vs Liverpool,Kai Havertz,Over 1.5,1.9,Open,Spiller Frispark Begået | Kai Havertz,2026-01-08T20:00:00Z
Arsenal vs Liverpool,Kai Havertz,Over 2.5,3.7,Open,Spiller Frispark Begået | Kai Havertz,2026-01-08T20:00:00Z
Arsenal vs Liverpool,Kaide Gordon,Over 0.5,1.35,Open,Spiller Frispark Begået | Kaide Gordon,2026-01-08T20:00:00Z
Arsenal vs Liverpool,Kaide Gordon,Over 1.5,2.6,Open,Spiller Frispark Begået | Kaide Gordon,2026-01-08T20:00:00Z
Arsenal vs Liverpool,Kaide Gordon,Over 2.5,6.0,Open,Spiller Frispark Begået | Kaide Gordon,2026-01-08T20:00:00Z
Arsenal vs Liverpool,Keyrol Figueroa,Over 0.5,1.25,Open,Spiller Frispark Begået | Keyrol Figueroa,2026-01-08T20:00:00Z
Arsenal vs Liverpool,Keyrol Figueroa,Over 1.5,2.2,Open,Spiller Frispark Begået | Keyrol Figueroa,2026-01-08T20:00:00Z
Arsenal vs Liverpool,Keyrol Figueroa,Over 2.5,4.5,Open,Spiller Frispark Begået | Keyrol Figueroa,2026-01-08T20:00:00Z
Arsenal vs Liverpool,Kieran Morrison,Over 0.5,1.4,Open,Spiller Frispark Begået | Kieran Morrison,2026-01-08T20:00:00Z
Arsenal vs Liverpool,Kieran Morrison,Over 1.5,2.85,Open,Spiller Frispark Begået | Kieran Morrison,2026-01-08T20:00:00Z
Arsenal vs Liverpool,Leandro Trossard,Over 0.5,1.78,Open,Spiller Frispark Begået | Leandro Trossard,2026-01-08T20:00:00Z
Arsenal vs Liverpool,Leandro Trossard,Over 1.5,4.5,Open,Spiller Frispark Begået | Leandro Trossard,2026-01-08T20:00:00Z
Arsenal vs Liverpool,Louie Copley,Over 0.5,1.3,Open,Spiller Frispark Begået | Louie Copley,2026-01-08T20:00:00Z
Arsenal vs Liverpool,Louie Copley,Over 1.5,2.4,Open,Spiller Frispark Begået | Louie Copley,2026-01-08T20:00:00Z
Arsenal vs Liverpool,Louie Copley,Over 2.5,5.0,Open,Spiller Frispark Begået | Louie Copley,2026-01-08T20:00:00Z
Arsenal vs Liverpool,Marli Salmon,Over 0.5,1.6,Open,Spiller Frispark Begået | Marli Salmon,2026-01-08T20:00:00Z
Arsenal vs Liverpool,Marli Salmon,Over 1.5,3.7,Open,Spiller Frispark Begået | Marli Salmon,2026-01-08T20:00:00Z
Arsenal vs Liverpool,Martin Zubimendi,Over 0.5,1.32,Open,Spiller Frispark Begået | Martin Zubimendi,2026-01-08T20:00:00Z
Arsenal vs Liverpool,Martin Zubimendi,Over 1.5,2.45,Open,Spiller Frispark Begået | Martin Zubimendi,2026-01-08T20:00:00Z
Arsenal vs Liverpool,Martin Zubimendi,Over 2.5,5.5,Open,Spiller Frispark Begået | Martin Zubimendi,2026-01-08T20:00:00Z
Arsenal vs Liverpool,Martin Ødegaard,Over 0.5,1.95,Open,Spiller Frispark Begået | Martin Ødegaard,2026-01-08T20:00:00Z
Arsenal vs Liverpool,Martin Ødegaard,Over 1.5,5.5,Open,Spiller Frispark Begået | Martin Ødegaard,2026-01-08T20:00:00Z
Arsenal vs Liverpool,Max Dowman,Over 0.5,1.55,Open,Spiller Frispark Begået | Max Dowman,2026-01-08T20:00:00Z
Arsenal vs Liverpool,Max Dowman,Over 1.5,3.4,Open,Spiller Frispark Begået | Max Dowman,2026-01-08T20:00:00Z
Arsenal vs Liverpool,Michael Laffey,Over 0.5,1.22,Open,Spiller Frispark Begået | Michael Laffey,2026-01-08T20:00:00Z
Arsenal vs Liverpool,Michael Laffey,Over 1.5,2.05,Open,Spiller Frispark Begået | Michael Laffey,2026-01-08T20:00:00Z
Arsenal vs Liverpool,Michael Laffey,Over 2.5,4.0,Open,Spiller Frispark Begået | Michael Laffey,2026-01-08T20:00:00Z
Arsenal vs Liverpool,Mikel Merino,Over 0.5,1.13,Open,Spiller Frispark Begået | Mikel Merino,2026-01-08T20:00:00Z
Arsenal vs Liverpool,Mikel Merino,Over 1.5,1.72,Open,Spiller Frispark Begået | Mikel Merino,2026-01-08T20:00:00Z
Arsenal vs Liverpool,Mikel Merino,Over 2.5,3.1,Open,Spiller Frispark Begået | Mikel Merino,2026-01-08T20:00:00Z
Arsenal vs Liverpool,Milos Kerkez,Over 0.5,1.55,Open,Spiller Frispark Begået | Milos Kerkez,2026-01-08T20:00:00Z
Arsenal vs Liverpool,Milos Kerkez,Over 1.5,3.4,Open,Spiller Frispark Begået | Milos Kerkez,2026-01-08T20:00:00Z
Arsenal vs Liverpool,Myles Lewis-skelly,Over 0.5,1.35,Open,Spiller Frispark Begået | Myles Lewis-skelly,2026-01-08T20:00:00Z
Arsenal vs Liverpool,Myles Lewis-skelly,Over 1.5,2.65,Open,Spiller Frispark Begået | Myles Lewis-skelly,2026-01-08T20:00:00Z
Arsenal vs Liverpool,Myles Lewis-skelly,Over 2.5,6.0,Open,Spiller Frispark Begået | Myles Lewis-skelly,2026-01-08T20:00:00Z
Arsenal vs Liverpool,Noni Madueke,Over 0.5,1.9,Open,Spiller Frispark Begået | Noni Madueke,2026-01-08T20:00:00Z
Arsenal vs Liverpool,Noni Madueke,Over 1.5,5.0,Open,Spiller Frispark Begået | Noni Madueke,2026-01-08T20:00:00Z
Arsenal vs Liverpool,Piero Hincapie,Over 0.5,1.38,Open,Spiller Frispark Begået | Piero Hincapie,2026-01-08T20:00:00Z
Arsenal vs Liverpool,Piero Hincapie,Over 1.5,2.7,Open,Spiller Frispark Begået | Piero Hincapie,2026-01-08T20:00:00Z
Arsenal vs Liverpool,Piero Hincapie,Over 2.5,6.0,Open,Spiller Frispark Begået | Piero Hincapie,2026-01-08T20:00:00Z
Arsenal vs Liverpool,Rhys Williams,Over 0.5,1.6,Open,Spiller Frispark Begået | Rhys Williams,2026-01-08T20:00:00Z
Arsenal vs Liverpool,Rhys Williams,Over 1.5,3.7,Open,Spiller Frispark Begået | Rhys Williams,2026-01-08T20:00:00Z
Arsenal vs Liverpool,Riccardo Calafiori,Over 0.5,1.25,Open,Spiller Frispark Begået | Riccardo Calafiori,2026-01-08T20:00:00Z
Arsenal vs Liverpool,Riccardo Calafiori,Over 1.5,2.2,Open,Spiller Frispark Begået | Riccardo Calafiori,2026-01-08T20:00:00Z
Arsenal vs Liverpool,Riccardo Calafiori,Over 2.5,4.5,Open,Spiller Frispark Begået | Riccardo Calafiori,2026-01-08T20:00:00Z
Arsenal vs Liverpool,Rio Ngumoha,Over 0.5,1.7,Open,Spiller Frispark Begået | Rio Ngumoha,2026-01-08T20:00:00Z
Arsenal vs Liverpool,Rio Ngumoha,Over 1.5,4.0,Open,Spiller Frispark Begået | Rio Ngumoha,2026-01-08T20:00:00Z
Arsenal vs Liverpool,Ryan Gravenberch,Over 0.5,1.3,Open,Spiller Frispark Begået | Ryan Gravenberch,2026-01-08T20:00:00Z
Arsenal vs Liverpool,Ryan Gravenberch,Over 1.5,2.35,Open,Spiller Frispark Begået | Ryan Gravenberch,2026-01-08T20:00:00Z
Arsenal vs Liverpool,Ryan Gravenberch,Over 2.5,5.0,Open,Spiller Frispark Begået | Ryan Gravenberch,2026-01-08T20:00:00Z
Arsenal vs Liverpool,Stefan Bajcetic,Over 0.5,1.17,Open,Spiller Frispark Begået | Stefan Bajcetic,2026-01-08T20:00:00Z
Arsenal vs Liverpool,Stefan Bajcetic,Over 1.5,1.85,Open,Spiller Frispark Begået | Stefan Bajcetic,2026-01-08T20:00:00Z
Arsenal vs Liverpool,Stefan Bajcetic,Over 2.5,3.5,Open,Spiller Frispark Begået | Stefan Bajcetic,2026-01-08T20:00:00Z
Arsenal vs Liverpool,Tommy Pilling,Over 0.5,1.22,Open,Spiller Frispark Begået | Tommy Pilling,2026-01-08T20:00:00Z
Arsenal vs Liverpool,Tommy Pilling,Over 1.5,2.05,Open,Spiller Frispark Begået | Tommy Pilling,2026-01-08T20:00:00Z
Arsenal vs Liverpool,Tommy Pilling,Over 2.5,4.0,Open,Spiller Frispark Begået | Tommy Pilling,2026-01-08T20:00:00Z
Arsenal vs Liverpool,Trent Kone-Doherty,Over 0.5,1.23,Open,Spiller Frispark Begået | Trent Kone-Doherty,2026-01-08T20:00:00Z
Arsenal vs Liverpool,Trent Kone-Doherty,Over 1.5,2.1,Open,Spiller Frispark Begået | Trent Kone-Doherty,2026-01-08T20:00:00Z
Arsenal vs Liverpool,Trent Kone-Doherty,Over 2.5,4.25,Open,Spiller Frispark Begået | Trent Kone-Doherty,2026-01-08T20:00:00Z
Arsenal vs Liverpool,Treymaurice Nyoni,Over 0.5,1.4,Open,Spiller Frispark Begået | Treymaurice Nyoni,2026-01-08T20:00:00Z
Arsenal vs Liverpool,Treymaurice Nyoni,Over 1.5,2.8,Open,Spiller Frispark Begået | Treymaurice Nyoni,2026-01-08T20:00:00Z
Arsenal vs Liverpool,Viktor Gyökeres,Over 0.5,1.45,Open,Spiller Frispark Begået | Viktor Gyökeres,2026-01-08T20:00:00Z
Arsenal vs Liverpool,Viktor Gyökeres,Over 1.5,3.0,Open,Spiller Frispark Begået | Viktor Gyökeres,2026-01-08T20:00:00Z
Arsenal vs Liverpool,Virgil van Dijk,Over 0.5,1.82,Open,Spiller Frispark Begået | Virgil van Dijk,2026-01-08T20:00:00Z
Arsenal vs Liverpool,Virgil van Dijk,Over 1.5,4.75,Open,Spiller Frispark Begået | Virgil van Dijk,2026-01-08T20:00:00Z
Arsenal vs Liverpool,Wataru Endo,Over 0.5,1.09,Open,Spiller Frispark Begået | Wataru Endo,2026-01-08T20:00:00Z
Arsenal vs Liverpool,Wataru Endo,Over 1.5,1.55,Open,Spiller Frispark Begået | Wataru Endo,2026-01-08T20:00:00Z
Arsenal vs Liverpool,Wataru Endo,Over 2.5,2.65,Open,Spiller Frispark Begået | Wataru Endo,2026-01-08T20:00:00Z
Arsenal vs Liverpool,Wellity Lucky,Over 0.5,1.28,Open,Spiller Frispark Begået | Wellity Lucky,2026-01-08T20:00:00Z
Arsenal vs Liverpool,Wellity Lucky,Over 1.5,2.3,Open,Spiller Frispark Begået | Wellity Lucky,2026-01-08T20:00:00Z
Arsenal vs Liverpool,Wellity Lucky,Over 2.5,5.0,Open,Spiller Frispark Begået | Wellity Lucky,2026-01-08T20:00:00Z
Arsenal vs Liverpool,William Saliba,Over 0.5,1.8,Open,Spiller Frispark Begået | William Saliba,2026-01-08T20:00:00Z
Arsenal vs Liverpool,William Saliba,Over 1.5,4.5,Open,Spiller Frispark Begået | William Saliba,2026-01-08T20:00:00Z
Arsenal vs Liverpool,Alexis Mac Allister,Over 0.5,1.4,Open,Spillers samlede antal skud | Alexis Mac Allister,2026-01-08T20:00:00Z
Arsenal vs Liverpool,Alexis Mac Allister,Over 1.5,2.75,Open,Spillers samlede antal skud | Alexis Mac Allister,2026-01-08T20:00:00Z
Arsenal vs Liverpool,Alexis Mac Allister,Over 2.5,6.0,Open,Spillers samlede antal skud | Alexis Mac Allister,2026-01-08T20:00:00Z
Arsenal vs Liverpool,Amara Nallo,Over 0.5,2.05,Open,Spillers samlede antal skud | Amara Nallo,2026-01-08T20:00:00Z
Arsenal vs Liverpool,Amara Nallo,Over 1.5,5.5,Open,Spillers samlede antal skud | Amara Nallo,2026-01-08T20:00:00Z
Arsenal vs Liverpool,Andre HarrimanAnnous,Over 2.5,1.52,Open,Spillers samlede antal skud | Andre HarrimanAnnous,2026-01-08T20:00:00Z
Arsenal vs Liverpool,Andre HarrimanAnnous,Over 3.5,2.25,Open,Spillers samlede antal skud | Andre HarrimanAnnous,2026-01-08T20:00:00Z
Arsenal vs Liverpool,Andre HarrimanAnnous,Over 4.5,3.7,Open,Spillers samlede antal skud | Andre HarrimanAnnous,2026-01-08T20:00:00Z
Arsenal vs Liverpool,Andrew Robertson,Over 0.5,2.55,Open,Spillers samlede antal skud | Andrew Robertson,2026-01-08T20:00:00Z
Arsenal vs Liverpool,Andrew Robertson,Over 1.5,9.0,Open,Spillers samlede antal skud | Andrew Robertson,2026-01-08T20:00:00Z
Arsenal vs Liverpool,Ben White,Over 0.5,1.62,Open,Spillers samlede antal skud | Ben White,2026-01-08T20:00:00Z
Arsenal vs Liverpool,Ben White,Over 1.5,3.7,Open,Spillers samlede antal skud | Ben White,2026-01-08T20:00:00Z
Arsenal vs Liverpool,Bukayo Saka,Over 2.5,1.55,Open,Spillers samlede antal skud | Bukayo Saka,2026-01-08T20:00:00Z
Arsenal vs Liverpool,Bukayo Saka,Over 3.5,2.3,Open,Spillers samlede antal skud | Bukayo Saka,2026-01-08T20:00:00Z
Arsenal vs Liverpool,Bukayo Saka,Over 4.5,3.9,Open,Spillers samlede antal skud | Bukayo Saka,2026-01-08T20:00:00Z
Arsenal vs Liverpool,Calvin Ramsay,Over 0.5,2.15,Open,Spillers samlede antal skud | Calvin Ramsay,2026-01-08T20:00:00Z
Arsenal vs Liverpool,Calvin Ramsay,Over 1.5,6.5,Open,Spillers samlede antal skud | Calvin Ramsay,2026-01-08T20:00:00Z
Arsenal vs Liverpool,Carter Pinnington,Over 0.5,2.05,Open,Spillers samlede antal skud | Carter Pinnington,2026-01-08T20:00:00Z
Arsenal vs Liverpool,Carter Pinnington,Over 1.5,5.5,Open,Spillers samlede antal skud | Carter Pinnington,2026-01-08T20:00:00Z
Arsenal vs Liverpool,Charles Sagoe Jr,Over 1.5,1.42,Open,Spillers samlede antal skud | Charles Sagoe Jr,2026-01-08T20:00:00Z
Arsenal vs Liverpool,Charles Sagoe Jr,Over 2.5,2.2,Open,Spillers samlede antal skud | Charles Sagoe Jr,2026-01-08T20:00:00Z
Arsenal vs Liverpool,Charles Sagoe Jr,Over 3.5,3.9,Open,Spillers samlede antal skud | Charles Sagoe Jr,2026-01-08T20:00:00Z
Arsenal vs Liverpool,Christian Nørgaard,Over 0.5,1.4,Open,Spillers samlede antal skud | Christian Nørgaard,2026-01-08T20:00:00Z
Arsenal vs Liverpool,Christian Nørgaard,Over 1.5,2.75,Open,Spillers samlede antal skud | Christian Nørgaard,2026-01-08T20:00:00Z
Arsenal vs Liverpool,Christian Nørgaard,Over 2.5,6.0,Open,Spillers samlede antal skud | Christian Nørgaard,2026-01-08T20:00:00Z
Arsenal vs Liverpool,Cody Gakpo,Over 0.5,1.2,Open,Spillers samlede antal skud | Cody Gakpo,2026-01-08T20:00:00Z
Arsenal vs Liverpool,Cody Gakpo,Over 1.5,1.95,Open,Spillers samlede antal skud | Cody Gakpo,2026-01-08T20:00:00Z
Arsenal vs Liverpool,Cody Gakpo,Over 2.5,3.8,Open,Spillers samlede antal skud | Cody Gakpo,2026-01-08T20:00:00Z
Arsenal vs Liverpool,Conor Bradley,Over 0.5,2.0,Open,Spillers samlede antal skud | Conor Bradley,2026-01-08T20:00:00Z
Arsenal vs Liverpool,Conor Bradley,Over 1.5,5.5,Open,Spillers samlede antal skud | Conor Bradley,2026-01-08T20:00:00Z
Arsenal vs Liverpool,Cristhian Mosquera,Over 0.5,4.75,Open,Spillers samlede antal skud | Cristhian Mosquera,2026-01-08T20:00:00Z
Arsenal vs Liverpool,Curtis Jones,Over 0.5,1.65,Open,Spillers samlede antal skud | Curtis Jones,2026-01-08T20:00:00Z
Arsenal vs Liverpool,Curtis Jones,Over 1.5,3.9,Open,Spillers samlede antal skud | Curtis Jones,2026-01-08T20:00:00Z
Arsenal vs Liverpool,Declan Rice,Over 0.5,1.16,Open,Spillers samlede antal skud | Declan Rice,2026-01-08T20:00:00Z
Arsenal vs Liverpool,Declan Rice,Over 1.5,1.78,Open,Spillers samlede antal skud | Declan Rice,2026-01-08T20:00:00Z
Arsenal vs Liverpool,Declan Rice,Over 2.5,3.2,Open,Spillers samlede antal skud | Declan Rice,2026-01-08T20:00:00Z
Arsenal vs Liverpool,Dominik Szoboszlai,Over 0.5,1.35,Open,Spillers samlede antal skud | Dominik Szoboszlai,2026-01-08T20:00:00Z
Arsenal vs Liverpool,Dominik Szoboszlai,Over 1.5,2.5,Open,Spillers samlede antal skud | Dominik Szoboszlai,2026-01-08T20:00:00Z
Arsenal vs Liverpool,Dominik Szoboszlai,Over 2.5,5.5,Open,Spillers samlede antal skud | Dominik Szoboszlai,2026-01-08T20:00:00Z
Arsenal vs Liverpool,Eberechi Eze,Over 1.5,1.24,Open,Spillers samlede antal skud | Eberechi Eze,2026-01-08T20:00:00Z
Arsenal vs Liverpool,Eberechi Eze,Over 2.5,1.72,Open,Spillers samlede antal skud | Eberechi Eze,2026-01-08T20:00:00Z
Arsenal vs Liverpool,Eberechi Eze,Over 3.5,2.7,Open,Spillers samlede antal skud | Eberechi Eze,2026-01-08T20:00:00Z
Arsenal vs Liverpool,Ethan Nwaneri,Over 1.5,1.32,Open,Spillers samlede antal skud | Ethan Nwaneri,2026-01-08T20:00:00Z
Arsenal vs Liverpool,Ethan Nwaneri,Over 2.5,2.0,Open,Spillers samlede antal skud | Ethan Nwaneri,2026-01-08T20:00:00Z
Arsenal vs Liverpool,Ethan Nwaneri,Over 3.5,3.4,Open,Spillers samlede antal skud | Ethan Nwaneri,2026-01-08T20:00:00Z
Arsenal vs Liverpool,Federico Chiesa,Over 0.5,1.28,Open,Spillers samlede antal skud | Federico Chiesa,2026-01-08T20:00:00Z
Arsenal vs Liverpool,Federico Chiesa,Over 1.5,2.25,Open,Spillers samlede antal skud | Federico Chiesa,2026-01-08T20:00:00Z
Arsenal vs Liverpool,Federico Chiesa,Over 2.5,4.75,Open,Spillers samlede antal skud | Federico Chiesa,2026-01-08T20:00:00Z
Arsenal vs Liverpool,Florian Wirtz,Over 0.5,1.27,Open,Spillers samlede antal skud | Florian Wirtz,2026-01-08T20:00:00Z
Arsenal vs Liverpool,Florian Wirtz,Over 1.5,2.2,Open,Spillers samlede antal skud | Florian Wirtz,2026-01-08T20:00:00Z
Arsenal vs Liverpool,Florian Wirtz,Over 2.5,4.5,Open,Spillers samlede antal skud | Florian Wirtz,2026-01-08T20:00:00Z
Arsenal vs Liverpool,Gabriel Jesus,Over 2.5,1.35,Open,Spillers samlede antal skud | Gabriel Jesus,2026-01-08T20:00:00Z
Arsenal vs Liverpool,Gabriel Jesus,Over 3.5,1.85,Open,Spillers samlede antal skud | Gabriel Jesus,2026-01-08T20:00:00Z
Arsenal vs Liverpool,Gabriel Jesus,Over 4.5,2.85,Open,Spillers samlede antal skud | Gabriel Jesus,2026-01-08T20:00:00Z
Arsenal vs Liverpool,Gabriel Magalhaes,Over 0.5,1.52,Open,Spillers samlede antal skud | Gabriel Magalhaes,2026-01-08T20:00:00Z
Arsenal vs Liverpool,Gabriel Magalhaes,Over 1.5,3.3,Open,Spillers samlede antal skud | Gabriel Magalhaes,2026-01-08T20:00:00Z
Arsenal vs Liverpool,Gabriel Martinelli,Over 1.5,1.32,Open,Spillers samlede antal skud | Gabriel Martinelli,2026-01-08T20:00:00Z
Arsenal vs Liverpool,Gabriel Martinelli,Over 2.5,2.0,Open,Spillers samlede antal skud | Gabriel Martinelli,2026-01-08T20:00:00Z
Arsenal vs Liverpool,Gabriel Martinelli,Over 3.5,3.4,Open,Spillers samlede antal skud | Gabriel Martinelli,2026-01-08T20:00:00Z
Arsenal vs Liverpool,Giovanni Leoni,Over 0.5,3.6,Open,Spillers samlede antal skud | Giovanni Leoni,2026-01-08T20:00:00Z
Arsenal vs Liverpool,Giovanni Leoni,Over 1.5,15.0,Open,Spillers samlede antal skud | Giovanni Leoni,2026-01-08T20:00:00Z
Arsenal vs Liverpool,Hugo Ekitike,Over 1.5,1.52,Open,Spillers samlede antal skud | Hugo Ekitike,2026-01-08T20:00:00Z
Arsenal vs Liverpool,Hugo Ekitike,Over 2.5,2.5,Open,Spillers samlede antal skud | Hugo Ekitike,2026-01-08T20:00:00Z
Arsenal vs Liverpool,Hugo Ekitike,Over 3.5,4.5,Open,Spillers samlede antal skud | Hugo Ekitike,2026-01-08T20:00:00Z
Arsenal vs Liverpool,Ibrahima Konate,Over 0.5,2.6,Open,Spillers samlede antal skud | Ibrahima Konate,2026-01-08T20:00:00Z
Arsenal vs Liverpool,Ibrahima Konate,Over 1.5,9.0,Open,Spillers samlede antal skud | Ibrahima Konate,2026-01-08T20:00:00Z
Arsenal vs Liverpool,Jayden Danns,Over 0.5,1.27,Open,Spillers samlede antal skud | Jayden Danns,2026-01-08T20:00:00Z
Arsenal vs Liverpool,Jayden Danns,Over 1.5,2.15,Open,Spillers samlede antal skud | Jayden Danns,2026-01-08T20:00:00Z
Arsenal vs Liverpool,Jayden Danns,Over 2.5,4.5,Open,Spillers samlede antal skud | Jayden Danns,2026-01-08T20:00:00Z
Arsenal vs Liverpool,Jeremie Frimpong,Over 0.5,1.65,Open,Spillers samlede antal skud | Jeremie Frimpong,2026-01-08T20:00:00Z
Arsenal vs Liverpool,Jeremie Frimpong,Over 1.5,3.9,Open,Spillers samlede antal skud | Jeremie Frimpong,2026-01-08T20:00:00Z
Arsenal vs Liverpool,Joe Gomez,Over 0.5,2.9,Open,Spillers samlede antal skud | Joe Gomez,2026-01-08T20:00:00Z
Arsenal vs Liverpool,Joe Gomez,Over 1.5,11.0,Open,Spillers samlede antal skud | Joe Gomez,2026-01-08T20:00:00Z
Arsenal vs Liverpool,Josh Nichols,Over 0.5,1.52,Open,Spillers samlede antal skud | Josh Nichols,2026-01-08T20:00:00Z
Arsenal vs Liverpool,Josh Nichols,Over 1.5,3.2,Open,Spillers samlede antal skud | Josh Nichols,2026-01-08T20:00:00Z
Arsenal vs Liverpool,Jurrien Timber,Over 0.5,1.45,Open,Spillers samlede antal skud | Jurrien Timber,2026-01-08T20:00:00Z
Arsenal vs Liverpool,Jurrien Timber,Over 1.5,3.0,Open,Spillers samlede antal skud | Jurrien Timber,2026-01-08T20:00:00Z
Arsenal vs Liverpool,Kai Havertz,Over 1.5,1.2,Open,Spillers samlede antal skud | Kai Havertz,2026-01-08T20:00:00Z
Arsenal vs Liverpool,Kai Havertz,Over 2.5,1.62,Open,Spillers samlede antal skud | Kai Havertz,2026-01-08T20:00:00Z
Arsenal vs Liverpool,Kai Havertz,Over 3.5,2.45,Open,Spillers samlede antal skud | Kai Havertz,2026-01-08T20:00:00Z
Arsenal vs Liverpool,Kaide Gordon,Over 0.5,1.23,Open,Spillers samlede antal skud | Kaide Gordon,2026-01-08T20:00:00Z
Arsenal vs Liverpool,Kaide Gordon,Over 1.5,2.05,Open,Spillers samlede antal skud | Kaide Gordon,2026-01-08T20:00:00Z
Arsenal vs Liverpool,Kaide Gordon,Over 2.5,4.0,Open,Spillers samlede antal skud | Kaide Gordon,2026-01-08T20:00:00Z
Arsenal vs Liverpool,Keyrol Figueroa,Over 1.5,1.5,Open,Spillers samlede antal skud | Keyrol Figueroa,2026-01-08T20:00:00Z
Arsenal vs Liverpool,Keyrol Figueroa,Over 2.5,2.4,Open,Spillers samlede antal skud | Keyrol Figueroa,2026-01-08T20:00:00Z
Arsenal vs Liverpool,Keyrol Figueroa,Over 3.5,4.5,Open,Spillers samlede antal skud | Keyrol Figueroa,2026-01-08T20:00:00Z
Arsenal vs Liverpool,Kieran Morrison,Over 0.5,1.12,Open,Spillers samlede antal skud | Kieran Morrison,2026-01-08T20:00:00Z
Arsenal vs Liverpool,Kieran Morrison,Over 1.5,1.62,Open,Spillers samlede antal skud | Kieran Morrison,2026-01-08T20:00:00Z
Arsenal vs Liverpool,Kieran Morrison,Over 2.5,2.8,Open,Spillers samlede antal skud | Kieran Morrison,2026-01-08T20:00:00Z
Arsenal vs Liverpool,Leandro Trossard,Over 1.5,1.38,Open,Spillers samlede antal skud | Leandro Trossard,2026-01-08T20:00:00Z
Arsenal vs Liverpool,Leandro Trossard,Over 2.5,2.1,Open,Spillers samlede antal skud | Leandro Trossard,2026-01-08T20:00:00Z
Arsenal vs Liverpool,Leandro Trossard,Over 3.5,3.7,Open,Spillers samlede antal skud | Leandro Trossard,2026-01-08T20:00:00Z
Arsenal vs Liverpool,Louie Copley,Over 0.5,1.17,Open,Spillers samlede antal skud | Louie Copley,2026-01-08T20:00:00Z
Arsenal vs Liverpool,Louie Copley,Over 1.5,1.8,Open,Spillers samlede antal skud | Louie Copley,2026-01-08T20:00:00Z
Arsenal vs Liverpool,Louie Copley,Over 2.5,3.3,Open,Spillers samlede antal skud | Louie Copley,2026-01-08T20:00:00Z
Arsenal vs Liverpool,Marli Salmon,Over 0.5,1.62,Open,Spillers samlede antal skud | Marli Salmon,2026-01-08T20:00:00Z
Arsenal vs Liverpool,Marli Salmon,Over 1.5,3.7,Open,Spillers samlede antal skud | Marli Salmon,2026-01-08T20:00:00Z
Arsenal vs Liverpool,Martin Zubimendi,Over 0.5,1.65,Open,Spillers samlede antal skud | Martin Zubimendi,2026-01-08T20:00:00Z
Arsenal vs Liverpool,Martin Zubimendi,Over 1.5,3.9,Open,Spillers samlede antal skud | Martin Zubimendi,2026-01-08T20:00:00Z
Arsenal vs Liverpool,Martin Ødegaard,Over 0.5,1.13,Open,Spillers samlede antal skud | Martin Ødegaard,2026-01-08T20:00:00Z
Arsenal vs Liverpool,Martin Ødegaard,Over 1.5,1.65,Open,Spillers samlede antal skud | Martin Ødegaard,2026-01-08T20:00:00Z
Arsenal vs Liverpool,Martin Ødegaard,Over 2.5,2.85,Open,Spillers samlede antal skud | Martin Ødegaard,2026-01-08T20:00:00Z
Arsenal vs Liverpool,Max Dowman,Over 1.5,1.35,Open,Spillers samlede antal skud | Max Dowman,2026-01-08T20:00:00Z
Arsenal vs Liverpool,Max Dowman,Over 2.5,2.05,Open,Spillers samlede antal skud | Max Dowman,2026-01-08T20:00:00Z
Arsenal vs Liverpool,Max Dowman,Over 3.5,3.5,Open,Spillers samlede antal skud | Max Dowman,2026-01-08T20:00:00Z
Arsenal vs Liverpool,Michael Laffey,Over 0.5,1.16,Open,Spillers samlede antal skud | Michael Laffey,2026-01-08T20:00:00Z
Arsenal vs Liverpool,Michael Laffey,Over 1.5,1.75,Open,Spillers samlede antal skud | Michael Laffey,2026-01-08T20:00:00Z
Arsenal vs Liverpool,Michael Laffey,Over 2.5,3.2,Open,Spillers samlede antal skud | Michael Laffey,2026-01-08T20:00:00Z
Arsenal vs Liverpool,Mikel Merino,Over 1.5,1.42,Open,Spillers samlede antal skud | Mikel Merino,2026-01-08T20:00:00Z
Arsenal vs Liverpool,Mikel Merino,Over 2.5,2.2,Open,Spillers samlede antal skud | Mikel Merino,2026-01-08T20:00:00Z
Arsenal vs Liverpool,Mikel Merino,Over 3.5,3.9,Open,Spillers samlede antal skud | Mikel Merino,2026-01-08T20:00:00Z
Arsenal vs Liverpool,Milos Kerkez,Over 0.5,2.8,Open,Spillers samlede antal skud | Milos Kerkez,2026-01-08T20:00:00Z
Arsenal vs Liverpool,Milos Kerkez,Over 1.5,10.0,Open,Spillers samlede antal skud | Milos Kerkez,2026-01-08T20:00:00Z
Arsenal vs Liverpool,Myles Lewis-skelly,Over 0.5,1.78,Open,Spillers samlede antal skud | Myles Lewis-skelly,2026-01-08T20:00:00Z
Arsenal vs Liverpool,Myles Lewis-skelly,Over 1.5,4.5,Open,Spillers samlede antal skud | Myles Lewis-skelly,2026-01-08T20:00:00Z
Arsenal vs Liverpool,Noni Madueke,Over 1.5,1.24,Open,Spillers samlede antal skud | Noni Madueke,2026-01-08T20:00:00Z
Arsenal vs Liverpool,Noni Madueke,Over 2.5,1.72,Open,Spillers samlede antal skud | Noni Madueke,2026-01-08T20:00:00Z
Arsenal vs Liverpool,Noni Madueke,Over 3.5,2.75,Open,Spillers samlede antal skud | Noni Madueke,2026-01-08T20:00:00Z
Arsenal vs Liverpool,Piero Hincapie,Over 0.5,1.75,Open,Spillers samlede antal skud | Piero Hincapie,2026-01-08T20:00:00Z
Arsenal vs Liverpool,Piero Hincapie,Over 1.5,4.25,Open,Spillers samlede antal skud | Piero Hincapie,2026-01-08T20:00:00Z
Arsenal vs Liverpool,Rhys Williams,Over 0.5,3.1,Open,Spillers samlede antal skud | Rhys Williams,2026-01-08T20:00:00Z
Arsenal vs Liverpool,Rhys Williams,Over 1.5,12.0,Open,Spillers samlede antal skud | Rhys Williams,2026-01-08T20:00:00Z
Arsenal vs Liverpool,Riccardo Calafiori,Over 0.5,1.3,Open,Spillers samlede antal skud | Riccardo Calafiori,2026-01-08T20:00:00Z
Arsenal vs Liverpool,Riccardo Calafiori,Over 1.5,2.35,Open,Spillers samlede antal skud | Riccardo Calafiori,2026-01-08T20:00:00Z
Arsenal vs Liverpool,Riccardo Calafiori,Over 2.5,5.0,Open,Spillers samlede antal skud | Riccardo Calafiori,2026-01-08T20:00:00Z
Arsenal vs Liverpool,Rio Ngumoha,Over 0.5,1.38,Open,Spillers samlede antal skud | Rio Ngumoha,2026-01-08T20:00:00Z
Arsenal vs Liverpool,Rio Ngumoha,Over 1.5,2.7,Open,Spillers samlede antal skud | Rio Ngumoha,2026-01-08T20:00:00Z
Arsenal vs Liverpool,Rio Ngumoha,Over 2.5,6.0,Open,Spillers samlede antal skud | Rio Ngumoha,2026-01-08T20:00:00Z
Arsenal vs Liverpool,Ryan Gravenberch,Over 0.5,1.75,Open,Spillers samlede antal skud | Ryan Gravenberch,2026-01-08T20:00:00Z
Arsenal vs Liverpool,Ryan Gravenberch,Over 1.5,4.25,Open,Spillers samlede antal skud | Ryan Gravenberch,2026-01-08T20:00:00Z
Arsenal vs Liverpool,Stefan Bajcetic,Over 0.5,1.9,Open,Spillers samlede antal skud | Stefan Bajcetic,2026-01-08T20:00:00Z
Arsenal vs Liverpool,Stefan Bajcetic,Over 1.5,5.0,Open,Spillers samlede antal skud | Stefan Bajcetic,2026-01-08T20:00:00Z
Arsenal vs Liverpool,Tommy Pilling,Over 0.5,1.16,Open,Spillers samlede antal skud | Tommy Pilling,2026-01-08T20:00:00Z
Arsenal vs Liverpool,Tommy Pilling,Over 1.5,1.75,Open,Spillers samlede antal skud | Tommy Pilling,2026-01-08T20:00:00Z
Arsenal vs Liverpool,Tommy Pilling,Over 2.5,3.2,Open,Spillers samlede antal skud | Tommy Pilling,2026-01-08T20:00:00Z
Arsenal vs Liverpool,Trent Kone-Doherty,Over 0.5,1.45,Open,Spillers samlede antal skud | Trent Kone-Doherty,2026-01-08T20:00:00Z
Arsenal vs Liverpool,Trent Kone-Doherty,Over 1.5,2.95,Open,Spillers samlede antal skud | Trent Kone-Doherty,2026-01-08T20:00:00Z
Arsenal vs Liverpool,Treymaurice Nyoni,Over 0.5,1.72,Open,Spillers samlede antal skud | Treymaurice Nyoni,2026-01-08T20:00:00Z
Arsenal vs Liverpool,Treymaurice Nyoni,Over 1.5,4.25,Open,Spillers samlede antal skud | Treymaurice Nyoni,2026-01-08T20:00:00Z
Arsenal vs Liverpool,Viktor Gyökeres,Over 1.5,1.42,Open,Spillers samlede antal skud | Viktor Gyökeres,2026-01-08T20:00:00Z
Arsenal vs Liverpool,Viktor Gyökeres,Over 2.5,2.2,Open,Spillers samlede antal skud | Viktor Gyökeres,2026-01-08T20:00:00Z
Arsenal vs Liverpool,Viktor Gyökeres,Over 3.5,3.9,Open,Spillers samlede antal skud | Viktor Gyökeres,2026-01-08T20:00:00Z
Arsenal vs Liverpool,Virgil van Dijk,Over 0.5,2.3,Open,Spillers samlede antal skud | Virgil van Dijk,2026-01-08T20:00:00Z
Arsenal vs Liverpool,Virgil van Dijk,Over 1.5,7.0,Open,Spillers samlede antal skud | Virgil van Dijk,2026-01-08T20:00:00Z
Arsenal vs Liverpool,Wataru Endo,Over 0.5,3.2,Open,Spillers samlede antal skud | Wataru Endo,2026-01-08T20:00:00Z
Arsenal vs Liverpool,Wataru Endo,Over 1.5,13.0,Open,Spillers samlede antal skud | Wataru Endo,2026-01-08T20:00:00Z
Arsenal vs Liverpool,Wellity Lucky,Over 0.5,2.8,Open,Spillers samlede antal skud | Wellity Lucky,2026-01-08T20:00:00Z
Arsenal vs Liverpool,Wellity Lucky,Over 1.5,10.0,Open,Spillers samlede antal skud | Wellity Lucky,2026-01-08T20:00:00Z
Arsenal vs Liverpool,William Saliba,Over 0.5,1.85,Open,Spillers samlede antal skud | William Saliba,2026-01-08T20:00:00Z
Arsenal vs Liverpool,William Saliba,Over 1.5,4.75,Open,Spillers samlede antal skud | William Saliba,2026-01-08T20:00:00Z
Arsenal vs Liverpool,Alexis Mac Allister,Over 0.5,3.3,Open,Antal afslutninger på mål | Alexis Mac Allister,2026-01-08T20:00:00Z
Arsenal vs Liverpool,Alexis Mac Allister,Over 1.5,17.0,Open,Antal afslutninger på mål | Alexis Mac Allister,2026-01-08T20:00:00Z
Arsenal vs Liverpool,Amara Nallo,Over 0.5,6.0,Open,Antal afslutninger på mål | Amara Nallo,2026-01-08T20:00:00Z
Arsenal vs Liverpool,Andre HarrimanAnnous,Over 0.5,1.23,Open,Antal afslutninger på mål | Andre HarrimanAnnous,2026-01-08T20:00:00Z
Arsenal vs Liverpool,Andre HarrimanAnnous,Over 1.5,2.1,Open,Antal afslutninger på mål | Andre HarrimanAnnous,2026-01-08T20:00:00Z
Arsenal vs Liverpool,Andre HarrimanAnnous,Over 2.5,4.5,Open,Antal afslutninger på mål | Andre HarrimanAnnous,2026-01-08T20:00:00Z
Arsenal vs Liverpool,Andrew Robertson,Over 0.5,6.0,Open,Antal afslutninger på mål | Andrew Robertson,2026-01-08T20:00:00Z
Arsenal vs Liverpool,Ben White,Over 0.5,3.6,Open,Antal afslutninger på mål | Ben White,2026-01-08T20:00:00Z
Arsenal vs Liverpool,Ben White,Over 1.5,19.0,Open,Antal afslutninger på mål | Ben White,2026-01-08T20:00:00Z
Arsenal vs Liverpool,Bukayo Saka,Over 0.5,1.42,Open,Antal afslutninger på mål | Bukayo Saka,2026-01-08T20:00:00Z
Arsenal vs Liverpool,Bukayo Saka,Over 1.5,3.0,Open,Antal afslutninger på mål | Bukayo Saka,2026-01-08T20:00:00Z
Arsenal vs Liverpool,Calvin Ramsay,Over 0.5,5.0,Open,Antal afslutninger på mål | Calvin Ramsay,2026-01-08T20:00:00Z
Arsenal vs Liverpool,Carter Pinnington,Over 0.5,6.0,Open,Antal afslutninger på mål | Carter Pinnington,2026-01-08T20:00:00Z
Arsenal vs Liverpool,Charles Sagoe Jr,Over 0.5,1.42,Open,Antal afslutninger på mål | Charles Sagoe Jr,2026-01-08T20:00:00Z
Arsenal vs Liverpool,Charles Sagoe Jr,Over 1.5,2.95,Open,Antal afslutninger på mål | Charles Sagoe Jr,2026-01-08T20:00:00Z
Arsenal vs Liverpool,Christian Nørgaard,Over 0.5,2.65,Open,Antal afslutninger på mål | Christian Nørgaard,2026-01-08T20:00:00Z
Arsenal vs Liverpool,Christian Nørgaard,Over 1.5,11.0,Open,Antal afslutninger på mål | Christian Nørgaard,2026-01-08T20:00:00Z
Arsenal vs Liverpool,Cody Gakpo,Over 0.5,2.4,Open,Antal afslutninger på mål | Cody Gakpo,2026-01-08T20:00:00Z
Arsenal vs Liverpool,Cody Gakpo,Over 1.5,9.0,Open,Antal afslutninger på mål | Cody Gakpo,2026-01-08T20:00:00Z
Arsenal vs Liverpool,Conor Bradley,Over 0.5,4.5,Open,Antal afslutninger på mål | Conor Bradley,2026-01-08T20:00:00Z
Arsenal vs Liverpool,Cristhian Mosquera,Over 0.5,6.5,Open,Antal afslutninger på mål | Cristhian Mosquera,2026-01-08T20:00:00Z
Arsenal vs Liverpool,Curtis Jones,Over 0.5,4.25,Open,Antal afslutninger på mål | Curtis Jones,2026-01-08T20:00:00Z
Arsenal vs Liverpool,Declan Rice,Over 0.5,2.15,Open,Antal afslutninger på mål | Declan Rice,2026-01-08T20:00:00Z
Arsenal vs Liverpool,Declan Rice,Over 1.5,7.0,Open,Antal afslutninger på mål | Declan Rice,2026-01-08T20:00:00Z
Arsenal vs Liverpool,Dominik Szoboszlai,Over 0.5,2.65,Open,Antal afslutninger på mål | Dominik Szoboszlai,2026-01-08T20:00:00Z
Arsenal vs Liverpool,Dominik Szoboszlai,Over 1.5,11.0,Open,Antal afslutninger på mål | Dominik Szoboszlai,2026-01-08T20:00:00Z
Arsenal vs Liverpool,Eberechi Eze,Over 0.5,1.48,Open,Antal afslutninger på mål | Eberechi Eze,2026-01-08T20:00:00Z
Arsenal vs Liverpool,Eberechi Eze,Over 1.5,3.2,Open,Antal afslutninger på mål | Eberechi Eze,2026-01-08T20:00:00Z
Arsenal vs Liverpool,Ethan Nwaneri,Over 0.5,1.55,Open,Antal afslutninger på mål | Ethan Nwaneri,2026-01-08T20:00:00Z
Arsenal vs Liverpool,Ethan Nwaneri,Over 1.5,3.7,Open,Antal afslutninger på mål | Ethan Nwaneri,2026-01-08T20:00:00Z
Arsenal vs Liverpool,Federico Chiesa,Over 0.5,2.4,Open,Antal afslutninger på mål | Federico Chiesa,2026-01-08T20:00:00Z
Arsenal vs Liverpool,Federico Chiesa,Over 1.5,9.0,Open,Antal afslutninger på mål | Federico Chiesa,2026-01-08T20:00:00Z
Arsenal vs Liverpool,Florian Wirtz,Over 0.5,2.8,Open,Antal afslutninger på mål | Florian Wirtz,2026-01-08T20:00:00Z
Arsenal vs Liverpool,Florian Wirtz,Over 1.5,12.0,Open,Antal afslutninger på mål | Florian Wirtz,2026-01-08T20:00:00Z
Arsenal vs Liverpool,Gabriel Jesus,Over 0.5,1.25,Open,Antal afslutninger på mål | Gabriel Jesus,2026-01-08T20:00:00Z
Arsenal vs Liverpool,Gabriel Jesus,Over 1.5,2.15,Open,Antal afslutninger på mål | Gabriel Jesus,2026-01-08T20:00:00Z
Arsenal vs Liverpool,Gabriel Jesus,Over 2.5,4.75,Open,Antal afslutninger på mål | Gabriel Jesus,2026-01-08T20:00:00Z
Arsenal vs Liverpool,Gabriel Magalhaes,Over 0.5,3.2,Open,Antal afslutninger på mål | Gabriel Magalhaes,2026-01-08T20:00:00Z
Arsenal vs Liverpool,Gabriel Magalhaes,Over 1.5,15.0,Open,Antal afslutninger på mål | Gabriel Magalhaes,2026-01-08T20:00:00Z
Arsenal vs Liverpool,Gabriel Martinelli,Over 0.5,1.55,Open,Antal afslutninger på mål | Gabriel Martinelli,2026-01-08T20:00:00Z
Arsenal vs Liverpool,Gabriel Martinelli,Over 1.5,3.6,Open,Antal afslutninger på mål | Gabriel Martinelli,2026-01-08T20:00:00Z
Arsenal vs Liverpool,Giovanni Leoni,Over 0.5,7.5,Open,Antal afslutninger på mål | Giovanni Leoni,2026-01-08T20:00:00Z
Arsenal vs Liverpool,Hugo Ekitike,Over 0.5,1.85,Open,Antal afslutninger på mål | Hugo Ekitike,2026-01-08T20:00:00Z
Arsenal vs Liverpool,Hugo Ekitike,Over 1.5,5.0,Open,Antal afslutninger på mål | Hugo Ekitike,2026-01-08T20:00:00Z
Arsenal vs Liverpool,Ibrahima Konate,Over 0.5,6.0,Open,Antal afslutninger på mål | Ibrahima Konate,2026-01-08T20:00:00Z
Arsenal vs Liverpool,Jayden Danns,Over 0.5,2.3,Open,Antal afslutninger på mål | Jayden Danns,2026-01-08T20:00:00Z
Arsenal vs Liverpool,Jayden Danns,Over 1.5,8.0,Open,Antal afslutninger på mål | Jayden Danns,2026-01-08T20:00:00Z
Arsenal vs Liverpool,Jeremie Frimpong,Over 0.5,4.75,Open,Antal afslutninger på mål | Jeremie Frimpong,2026-01-08T20:00:00Z
Arsenal vs Liverpool,Joe Gomez,Over 0.5,7.5,Open,Antal afslutninger på mål | Joe Gomez,2026-01-08T20:00:00Z
Arsenal vs Liverpool,Josh Nichols,Over 0.5,3.2,Open,Antal afslutninger på mål | Josh Nichols,2026-01-08T20:00:00Z
Arsenal vs Liverpool,Josh Nichols,Over 1.5,15.0,Open,Antal afslutninger på mål | Josh Nichols,2026-01-08T20:00:00Z
Arsenal vs Liverpool,Jurrien Timber,Over 0.5,3.2,Open,Antal afslutninger på mål | Jurrien Timber,2026-01-08T20:00:00Z
Arsenal vs Liverpool,Jurrien Timber,Over 1.5,15.0,Open,Antal afslutninger på mål | Jurrien Timber,2026-01-08T20:00:00Z
Arsenal vs Liverpool,Kai Havertz,Over 0.5,1.35,Open,Antal afslutninger på mål | Kai Havertz,2026-01-08T20:00:00Z
Arsenal vs Liverpool,Kai Havertz,Over 1.5,2.75,Open,Antal afslutninger på mål | Kai Havertz,2026-01-08T20:00:00Z
Arsenal vs Liverpool,Kai Havertz,Over 2.5,7.0,Open,Antal afslutninger på mål | Kai Havertz,2026-01-08T20:00:00Z
Arsenal vs Liverpool,Kaide Gordon,Over 0.5,2.2,Open,Antal afslutninger på mål | Kaide Gordon,2026-01-08T20:00:00Z
Arsenal vs Liverpool,Kaide Gordon,Over 1.5,7.5,Open,Antal afslutninger på mål | Kaide Gordon,2026-01-08T20:00:00Z
Arsenal vs Liverpool,Keyrol Figueroa,Over 0.5,1.65,Open,Antal afslutninger på mål | Keyrol Figueroa,2026-01-08T20:00:00Z
Arsenal vs Liverpool,Keyrol Figueroa,Over 1.5,4.25,Open,Antal afslutninger på mål | Keyrol Figueroa,2026-01-08T20:00:00Z
Arsenal vs Liverpool,Kieran Morrison,Over 0.5,2.05,Open,Antal afslutninger på mål | Kieran Morrison,2026-01-08T20:00:00Z
Arsenal vs Liverpool,Kieran Morrison,Over 1.5,6.5,Open,Antal afslutninger på mål | Kieran Morrison,2026-01-08T20:00:00Z
Arsenal vs Liverpool,Leandro Trossard,Over 0.5,1.78,Open,Antal afslutninger på mål | Leandro Trossard,2026-01-08T20:00:00Z
Arsenal vs Liverpool,Leandro Trossard,Over 1.5,4.75,Open,Antal afslutninger på mål | Leandro Trossard,2026-01-08T20:00:00Z
Arsenal vs Liverpool,Louie Copley,Over 0.5,1.95,Open,Antal afslutninger på mål | Louie Copley,2026-01-08T20:00:00Z
Arsenal vs Liverpool,Louie Copley,Over 1.5,6.0,Open,Antal afslutninger på mål | Louie Copley,2026-01-08T20:00:00Z
Arsenal vs Liverpool,Marli Salmon,Over 0.5,3.5,Open,Antal afslutninger på mål | Marli Salmon,2026-01-08T20:00:00Z
Arsenal vs Liverpool,Marli Salmon,Over 1.5,18.0,Open,Antal afslutninger på mål | Marli Salmon,2026-01-08T20:00:00Z
Arsenal vs Liverpool,Martin Zubimendi,Over 0.5,3.8,Open,Antal afslutninger på mål | Martin Zubimendi,2026-01-08T20:00:00Z
Arsenal vs Liverpool,Martin Zubimendi,Over 1.5,20.0,Open,Antal afslutninger på mål | Martin Zubimendi,2026-01-08T20:00:00Z
Arsenal vs Liverpool,Martin Ødegaard,Over 0.5,2.1,Open,Antal afslutninger på mål | Martin Ødegaard,2026-01-08T20:00:00Z
Arsenal vs Liverpool,Martin Ødegaard,Over 1.5,7.0,Open,Antal afslutninger på mål | Martin Ødegaard,2026-01-08T20:00:00Z
Arsenal vs Liverpool,Max Dowman,Over 0.5,1.65,Open,Antal afslutninger på mål | Max Dowman,2026-01-08T20:00:00Z
Arsenal vs Liverpool,Max Dowman,Over 1.5,4.0,Open,Antal afslutninger på mål | Max Dowman,2026-01-08T20:00:00Z
Arsenal vs Liverpool,Michael Laffey,Over 0.5,2.05,Open,Antal afslutninger på mål | Michael Laffey,2026-01-08T20:00:00Z
Arsenal vs Liverpool,Michael Laffey,Over 1.5,6.5,Open,Antal afslutninger på mål | Michael Laffey,2026-01-08T20:00:00Z
Arsenal vs Liverpool,Mikel Merino,Over 0.5,1.52,Open,Antal afslutninger på mål | Mikel Merino,2026-01-08T20:00:00Z
Arsenal vs Liverpool,Mikel Merino,Over 1.5,3.5,Open,Antal afslutninger på mål | Mikel Merino,2026-01-08T20:00:00Z
Arsenal vs Liverpool,Milos Kerkez,Over 0.5,7.0,Open,Antal afslutninger på mål | Milos Kerkez,2026-01-08T20:00:00Z
Arsenal vs Liverpool,Myles Lewis-skelly,Over 0.5,3.9,Open,Antal afslutninger på mål | Myles Lewis-skelly,2026-01-08T20:00:00Z
Arsenal vs Liverpool,Myles Lewis-skelly,Over 1.5,20.0,Open,Antal afslutninger på mål | Myles Lewis-skelly,2026-01-08T20:00:00Z
Arsenal vs Liverpool,Noni Madueke,Over 0.5,1.45,Open,Antal afslutninger på mål | Noni Madueke,2026-01-08T20:00:00Z
Arsenal vs Liverpool,Noni Madueke,Over 1.5,3.1,Open,Antal afslutninger på mål | Noni Madueke,2026-01-08T20:00:00Z
Arsenal vs Liverpool,Piero Hincapie,Over 0.5,3.7,Open,Antal afslutninger på mål | Piero Hincapie,2026-01-08T20:00:00Z
Arsenal vs Liverpool,Piero Hincapie,Over 1.5,20.0,Open,Antal afslutninger på mål | Piero Hincapie,2026-01-08T20:00:00Z
Arsenal vs Liverpool,Rhys Williams,Over 0.5,10.0,Open,Antal afslutninger på mål | Rhys Williams,2026-01-08T20:00:00Z
Arsenal vs Liverpool,Riccardo Calafiori,Over 0.5,2.55,Open,Antal afslutninger på mål | Riccardo Calafiori,2026-01-08T20:00:00Z
Arsenal vs Liverpool,Riccardo Calafiori,Over 1.5,10.0,Open,Antal afslutninger på mål | Riccardo Calafiori,2026-01-08T20:00:00Z
Arsenal vs Liverpool,Rio Ngumoha,Over 0.5,2.55,Open,Antal afslutninger på mål | Rio Ngumoha,2026-01-08T20:00:00Z
Arsenal vs Liverpool,Rio Ngumoha,Over 1.5,10.0,Open,Antal afslutninger på mål | Rio Ngumoha,2026-01-08T20:00:00Z
Arsenal vs Liverpool,Ryan Gravenberch,Over 0.5,4.75,Open,Antal afslutninger på mål | Ryan Gravenberch,2026-01-08T20:00:00Z
Arsenal vs Liverpool,Stefan Bajcetic,Over 0.5,5.0,Open,Antal afslutninger på mål | Stefan Bajcetic,2026-01-08T20:00:00Z
Arsenal vs Liverpool,Tommy Pilling,Over 0.5,2.05,Open,Antal afslutninger på mål | Tommy Pilling,2026-01-08T20:00:00Z
Arsenal vs Liverpool,Tommy Pilling,Over 1.5,6.5,Open,Antal afslutninger på mål | Tommy Pilling,2026-01-08T20:00:00Z
Arsenal vs Liverpool,Trent Kone-Doherty,Over 0.5,3.7,Open,Antal afslutninger på mål | Trent Kone-Doherty,2026-01-08T20:00:00Z
Arsenal vs Liverpool,Trent Kone-Doherty,Over 1.5,20.0,Open,Antal afslutninger på mål | Trent Kone-Doherty,2026-01-08T20:00:00Z
Arsenal vs Liverpool,Treymaurice Nyoni,Over 0.5,3.9,Open,Antal afslutninger på mål | Treymaurice Nyoni,2026-01-08T20:00:00Z
Arsenal vs Liverpool,Treymaurice Nyoni,Over 1.5,20.0,Open,Antal afslutninger på mål | Treymaurice Nyoni,2026-01-08T20:00:00Z
Arsenal vs Liverpool,Viktor Gyökeres,Over 0.5,1.55,Open,Antal afslutninger på mål | Viktor Gyökeres,2026-01-08T20:00:00Z
Arsenal vs Liverpool,Viktor Gyökeres,Over 1.5,3.7,Open,Antal afslutninger på mål | Viktor Gyökeres,2026-01-08T20:00:00Z
Arsenal vs Liverpool,Virgil van Dijk,Over 0.5,5.5,Open,Antal afslutninger på mål | Virgil van Dijk,2026-01-08T20:00:00Z
Arsenal vs Liverpool,Wataru Endo,Over 0.5,9.5,Open,Antal afslutninger på mål | Wataru Endo,2026-01-08T20:00:00Z
Arsenal vs Liverpool,Wellity Lucky,Over 0.5,6.5,Open,Antal afslutninger på mål | Wellity Lucky,2026-01-08T20:00:00Z
Arsenal vs Liverpool,William Saliba,Over 0.5,4.0,Open,Antal afslutninger på mål | William Saliba,2026-01-08T20:00:00Z
Arsenal vs Liverpool,Alexis Mac Allister,Over 0.5,12.0,Open,Spillers samlede antal assister | Alexis Mac Allister,2026-01-08T20:00:00Z
Arsenal vs Liverpool,Amara Nallo,Over 0.5,14.0,Open,Spillers samlede antal assister | Amara Nallo,2026-01-08T20:00:00Z
Arsenal vs Liverpool,Andre HarrimanAnnous,Over 0.5,5.5,Open,Spillers samlede antal assister | Andre HarrimanAnnous,2026-01-08T20:00:00Z
Arsenal vs Liverpool,Andrew Robertson,Over 0.5,14.0,Open,Spillers samlede antal assister | Andrew Robertson,2026-01-08T20:00:00Z
Arsenal vs Liverpool,Ben White,Over 0.5,11.0,Open,Spillers samlede antal assister | Ben White,2026-01-08T20:00:00Z
Arsenal vs Liverpool,Bukayo Saka,Over 0.5,3.4,Open,Spillers samlede antal assister | Bukayo Saka,2026-01-08T20:00:00Z
Arsenal vs Liverpool,Calvin Ramsay,Over 0.5,12.0,Open,Spillers samlede antal assister | Calvin Ramsay,2026-01-08T20:00:00Z
Arsenal vs Liverpool,Carter Pinnington,Over 0.5,14.0,Open,Spillers samlede antal assister | Carter Pinnington,2026-01-08T20:00:00Z
Arsenal vs Liverpool,Charles Sagoe Jr,Over 0.5,4.0,Open,Spillers samlede antal assister | Charles Sagoe Jr,2026-01-08T20:00:00Z
Arsenal vs Liverpool,Christian Nørgaard,Over 0.5,10.0,Open,Spillers samlede antal assister | Christian Nørgaard,2026-01-08T20:00:00Z
Arsenal vs Liverpool,Cody Gakpo,Over 0.5,9.0,Open,Spillers samlede antal assister | Cody Gakpo,2026-01-08T20:00:00Z
Arsenal vs Liverpool,Conor Bradley,Over 0.5,14.0,Open,Spillers samlede antal assister | Conor Bradley,2026-01-08T20:00:00Z
Arsenal vs Liverpool,Cristhian Mosquera,Over 0.5,16.0,Open,Spillers samlede antal assister | Cristhian Mosquera,2026-01-08T20:00:00Z
Arsenal vs Liverpool,Curtis Jones,Over 0.5,12.0,Open,Spillers samlede antal assister | Curtis Jones,2026-01-08T20:00:00Z
Arsenal vs Liverpool,Declan Rice,Over 0.5,5.5,Open,Spillers samlede antal assister | Declan Rice,2026-01-08T20:00:00Z
Arsenal vs Liverpool,Dominik Szoboszlai,Over 0.5,10.0,Open,Spillers samlede antal assister | Dominik Szoboszlai,2026-01-08T20:00:00Z
Arsenal vs Liverpool,Eberechi Eze,Over 0.5,4.0,Open,Spillers samlede antal assister | Eberechi Eze,2026-01-08T20:00:00Z
Arsenal vs Liverpool,Ethan Nwaneri,Over 0.5,5.5,Open,Spillers samlede antal assister | Ethan Nwaneri,2026-01-08T20:00:00Z
Arsenal vs Liverpool,Federico Chiesa,Over 0.5,8.5,Open,Spillers samlede antal assister | Federico Chiesa,2026-01-08T20:00:00Z
Arsenal vs Liverpool,Florian Wirtz,Over 0.5,9.0,Open,Spillers samlede antal assister | Florian Wirtz,2026-01-08T20:00:00Z
Arsenal vs Liverpool,Gabriel Jesus,Over 0.5,4.0,Open,Spillers samlede antal assister | Gabriel Jesus,2026-01-08T20:00:00Z
Arsenal vs Liverpool,Gabriel Magalhaes,Over 0.5,12.0,Open,Spillers samlede antal assister | Gabriel Magalhaes,2026-01-08T20:00:00Z
Arsenal vs Liverpool,Gabriel Martinelli,Over 0.5,5.0,Open,Spillers samlede antal assister | Gabriel Martinelli,2026-01-08T20:00:00Z
Arsenal vs Liverpool,Giovanni Leoni,Over 0.5,16.0,Open,Spillers samlede antal assister | Giovanni Leoni,2026-01-08T20:00:00Z
Arsenal vs Liverpool,Hugo Ekitike,Over 0.5,7.5,Open,Spillers samlede antal assister | Hugo Ekitike,2026-01-08T20:00:00Z
Arsenal vs Liverpool,Ibrahima Konate,Over 0.5,19.0,Open,Spillers samlede antal assister | Ibrahima Konate,2026-01-08T20:00:00Z
Arsenal vs Liverpool,Jayden Danns,Over 0.5,9.0,Open,Spillers samlede antal assister | Jayden Danns,2026-01-08T20:00:00Z
Arsenal vs Liverpool,Jeremie Frimpong,Over 0.5,12.0,Open,Spillers samlede antal assister | Jeremie Frimpong,2026-01-08T20:00:00Z
Arsenal vs Liverpool,Joe Gomez,Over 0.5,19.0,Open,Spillers samlede antal assister | Joe Gomez,2026-01-08T20:00:00Z
Arsenal vs Liverpool,Josh Nichols,Over 0.5,7.5,Open,Spillers samlede antal assister | Josh Nichols,2026-01-08T20:00:00Z
Arsenal vs Liverpool,Jurrien Timber,Over 0.5,11.0,Open,Spillers samlede antal assister | Jurrien Timber,2026-01-08T20:00:00Z
Arsenal vs Liverpool,Kai Havertz,Over 0.5,5.5,Open,Spillers samlede antal assister | Kai Havertz,2026-01-08T20:00:00Z
Arsenal vs Liverpool,Kaide Gordon,Over 0.5,11.0,Open,Spillers samlede antal assister | Kaide Gordon,2026-01-08T20:00:00Z
Arsenal vs Liverpool,Keyrol Figueroa,Over 0.5,7.5,Open,Spillers samlede antal assister | Keyrol Figueroa,2026-01-08T20:00:00Z
Arsenal vs Liverpool,Kieran Morrison,Over 0.5,10.0,Open,Spillers samlede antal assister | Kieran Morrison,2026-01-08T20:00:00Z
Arsenal vs Liverpool,Leandro Trossard,Over 0.5,4.25,Open,Spillers samlede antal assister | Leandro Trossard,2026-01-08T20:00:00Z
Arsenal vs Liverpool,Louie Copley,Over 0.5,6.0,Open,Spillers samlede antal assister | Louie Copley,2026-01-08T20:00:00Z
Arsenal vs Liverpool,Marli Salmon,Over 0.5,12.0,Open,Spillers samlede antal assister | Marli Salmon,2026-01-08T20:00:00Z
Arsenal vs Liverpool,Martin Zubimendi,Over 0.5,9.0,Open,Spillers samlede antal assister | Martin Zubimendi,2026-01-08T20:00:00Z
Arsenal vs Liverpool,Martin Ødegaard,Over 0.5,5.5,Open,Spillers samlede antal assister | Martin Ødegaard,2026-01-08T20:00:00Z
Arsenal vs Liverpool,Max Dowman,Over 0.5,6.0,Open,Spillers samlede antal assister | Max Dowman,2026-01-08T20:00:00Z
Arsenal vs Liverpool,Michael Laffey,Over 0.5,7.5,Open,Spillers samlede antal assister | Michael Laffey,2026-01-08T20:00:00Z
Arsenal vs Liverpool,Mikel Merino,Over 0.5,4.75,Open,Spillers samlede antal assister | Mikel Merino,2026-01-08T20:00:00Z
Arsenal vs Liverpool,Milos Kerkez,Over 0.5,19.0,Open,Spillers samlede antal assister | Milos Kerkez,2026-01-08T20:00:00Z
Arsenal vs Liverpool,Myles Lewis-skelly,Over 0.5,9.0,Open,Spillers samlede antal assister | Myles Lewis-skelly,2026-01-08T20:00:00Z
Arsenal vs Liverpool,Noni Madueke,Over 0.5,4.5,Open,Spillers samlede antal assister | Noni Madueke,2026-01-08T20:00:00Z
Arsenal vs Liverpool,Piero Hincapie,Over 0.5,12.0,Open,Spillers samlede antal assister | Piero Hincapie,2026-01-08T20:00:00Z
Arsenal vs Liverpool,Rhys Williams,Over 0.5,19.0,Open,Spillers samlede antal assister | Rhys Williams,2026-01-08T20:00:00Z
Arsenal vs Liverpool,Riccardo Calafiori,Over 0.5,9.0,Open,Spillers samlede antal assister | Riccardo Calafiori,2026-01-08T20:00:00Z
Arsenal vs Liverpool,Rio Ngumoha,Over 0.5,10.0,Open,Spillers samlede antal assister | Rio Ngumoha,2026-01-08T20:00:00Z
Arsenal vs Liverpool,Ryan Gravenberch,Over 0.5,14.0,Open,Spillers samlede antal assister | Ryan Gravenberch,2026-01-08T20:00:00Z
Arsenal vs Liverpool,Stefan Bajcetic,Over 0.5,16.0,Open,Spillers samlede antal assister | Stefan Bajcetic,2026-01-08T20:00:00Z
Arsenal vs Liverpool,Tommy Pilling,Over 0.5,10.0,Open,Spillers samlede antal assister | Tommy Pilling,2026-01-08T20:00:00Z
Arsenal vs Liverpool,Trent Kone-Doherty,Over 0.5,12.0,Open,Spillers samlede antal assister | Trent Kone-Doherty,2026-01-08T20:00:00Z
Arsenal vs Liverpool,Treymaurice Nyoni,Over 0.5,16.0,Open,Spillers samlede antal assister | Treymaurice Nyoni,2026-01-08T20:00:00Z
Arsenal vs Liverpool,Viktor Gyökeres,Over 0.5,4.5,Open,Spillers samlede antal assister | Viktor Gyökeres,2026-01-08T20:00:00Z
Arsenal vs Liverpool,Virgil van Dijk,Over 0.5,19.0,Open,Spillers samlede antal assister | Virgil van Dijk,2026-01-08T20:00:00Z
Arsenal vs Liverpool,Wataru Endo,Over 0.5,19.0,Open,Spillers samlede antal assister | Wataru Endo,2026-01-08T20:00:00Z
Arsenal vs Liverpool,Wellity Lucky,Over 0.5,19.0,Open,Spillers samlede antal assister | Wellity Lucky,2026-01-08T20:00:00Z
Arsenal vs Liverpool,William Saliba,Over 0.5,14.0,Open,Spillers samlede antal assister | William Saliba,2026-01-08T20:00:00Z
